sequence,species1,family1,order1,avibase_id1,total_individuals,female,male,unknown,complete_measures,beak_length_culmen,beak_length_nares,beak_width,beak_depth,tarsus_length,wing_length,kipps_distance,secondary1,hand_wing_index,tail_length,mass,mass_source,mass_refs_other,inference,traits_inferred,reference_species,habitat,habitat_density,migration,trophic_level,trophic_niche,primary_lifestyle,min_latitude,max_latitude,centroid_latitude,centroid_longitude,range_size,species
3433,Ceyx azureus,Alcedinidae,Coraciiformes,AVIBASE-AC4118FA,6,0,1,5,4,49,39.6,6.6,8.6,10.3,74,18.3,55.4,24.9,35.2,34.9,Dunning,NA,NO,NA,NA,Riverine,2,1,Carnivore,Aquatic predator,Insessorial,-43.64,2.65,-20.15,141.77,3398489.47,Ceyx azureus
3518,Dacelo novaeguineae,Alcedinidae,Coraciiformes,AVIBASE-94AF4A47,7,2,3,2,4,68.6,50.3,22.6,24.4,26.8,216.1,62.5,152.3,29.1,153.1,333.8,Dunning,NA,NO,NA,NA,Forest,2,1,Carnivore,Omnivore,Insessorial,-39.47,-10.02,-28.34,145.7,2413843.09,Dacelo novaeguineae
3505,Todiramphus pyrrhopygius,Alcedinidae,Coraciiformes,AVIBASE-F103AAE1,5,2,3,0,4,41.7,33.5,11.2,10.4,15.3,100.2,36.8,63.8,36.5,67.8,51.7,Dunning,NA,NO,NA,NA,Woodland,2,1,Carnivore,Invertivore,Insessorial,-38.4,-10.69,-25.32,134.41,7435153.36,Todiramphus pyrrhopygius
3496,Todiramphus sanctus,Alcedinidae,Coraciiformes,AVIBASE-D3BC0A03,38,4,5,29,8,43.4,34.3,10.5,10.1,12.9,91.3,27.7,64.1,30.1,60.5,53,Dunning,NA,NO,NA,NA,Woodland,2,3,Carnivore,Invertivore,Insessorial,-47.29,-9.76,-26.17,134.92,5939587.69,Todiramphus sanctus
3377,Eurystomus orientalis,Coraciidae,Coraciiformes,AVIBASE-924BAB9C,8,4,4,0,4,32,20.1,11.8,13.4,16.8,186.2,68.4,116.8,36.9,98,143,Dunning,NA,NO,NA,NA,Woodland,2,3,Carnivore,Invertivore,Aerial,-38.83,55.19,14.36,121.24,12922409.59,Eurystomus orientalis
1689,Cacomantis flabelliformis,Cuculidae,Cuculiformes,AVIBASE-D86848D4,5,2,3,0,4,21.5,11.5,4.9,5.6,16.7,137.2,59.2,78,43.2,133.4,49.8,Dunning,NA,NO,NA,NA,Forest,2,1,Carnivore,Invertivore,Insessorial,-43.64,-0.53,-28.78,142.25,2434269.44,Cacomantis flabelliformis
1693,Cacomantis variolosus,Cuculidae,Cuculiformes,AVIBASE-05824D50,15,7,5,3,8,20.5,12.9,5.3,5.4,16.3,115.4,45.5,72.9,38.3,112.9,35.8,Dunning,NA,NO,NA,NA,Forest,1,1,Carnivore,Invertivore,Insessorial,-39.48,19.58,-8.9,129.81,3706197.51,Cacomantis variolosus
1626,Centropus phasianinus,Cuculidae,Cuculiformes,AVIBASE-598BC113,5,3,2,0,4,38.4,21.8,11.1,16.9,54.4,248.8,29.2,219.8,11.8,346.2,382,Dunning,NA,NO,NA,NA,Shrubland,2,1,Carnivore,Invertivore,Terrestrial,-36.26,-1.47,-17.66,138.76,2665520.2,Centropus phasianinus
1675,Chalcites basalis,Cuculidae,Cuculiformes,AVIBASE-91248B47,5,2,3,0,4,15.9,9.4,4.1,4.2,18,99.6,40.5,59,40.6,68.4,23.1,Dunning,NA,NO,NA,NA,Woodland,2,1,Carnivore,Invertivore,Generalist,-43.64,-9.75,-25.73,134.49,7686831.12,Chalcites basalis
1678,Chalcites lucidus,Cuculidae,Cuculiformes,AVIBASE-19268395,4,2,2,0,4,18.3,10.5,5.8,4.7,17.6,102.8,45.2,57.6,44,67.5,24.4,Dunning,NA,NO,NA,NA,Forest,2,1,Carnivore,Invertivore,Insessorial,-47.29,-9.75,-30.39,144.03,2736789.25,Chalcites lucidus
1680,Chalcites minutillus,Cuculidae,Cuculiformes,AVIBASE-28101531,11,5,5,1,8,18.8,12.2,5.1,4.7,14.7,93.2,35.4,58.5,37.7,59.6,18.6,Dunning,NA,NO,NA,NA,Forest,1,1,Carnivore,Invertivore,Insessorial,-31.45,11.31,-9.9,133.84,2896885.75,Chalcites minutillus
1676,Chalcites osculans,Cuculidae,Cuculiformes,AVIBASE-087C279E,5,2,2,1,4,18.4,11.5,4.8,5.1,18.8,115.2,45.4,68.8,39.8,86.4,30.9,Dunning,NA,NO,NA,NA,Shrubland,2,1,Carnivore,Invertivore,Insessorial,-38.86,-10.9,-25.39,134.69,7041722.87,Chalcites osculans
1671,Eudynamys orientalis,Cuculidae,Cuculiformes,AVIBASE-3F75E818,9,4,5,0,8,33.9,19.7,10,11.1,37.4,209.9,50.5,159.9,23.9,206,194.9,Dunning,NA,NO,NA,NA,Woodland,2,1,Herbivore,Frugivore,Insessorial,-36.68,2.65,-13.65,139.99,2672035.03,Eudynamys orientalis
1695,Heteroscenes pallidus,Cuculidae,Cuculiformes,AVIBASE-D2B68684,5,2,2,1,4,26.5,15.6,6.6,7,22.7,186.2,92.5,94,49.6,162,87.7,Dunning,NA,NO,NA,NA,Forest,2,1,Carnivore,Invertivore,Insessorial,-43.64,-10.69,-25.74,134.48,7667931.16,Heteroscenes pallidus
1673,Scythrops novaehollandiae,Cuculidae,Cuculiformes,AVIBASE-D9638667,5,2,3,0,4,82.8,63.1,26.7,31.4,45.4,339.2,151.5,184.2,45.1,270,684,Dunning,NA,NO,NA,NA,Forest,2,3,Omnivore,Frugivore,Insessorial,-42.37,1.88,-17.62,139.27,2375285.46,Scythrops novaehollandiae
64,Alectura lathami,Megapodiidae,Galliformes,AVIBASE-6BD20F58,4,2,2,0,4,37.8,20.9,12,17.4,80.6,289.8,61.7,228,21.4,218.5,2333.1,Dunning,NA,NO,NA,NA,Forest,1,1,Herbivore,Omnivore,Terrestrial,-35.15,-10.02,-22.76,148.09,642830.5,Alectura lathami
6222,Acanthiza apicalis,Acanthizidae,Passeriformes,AVIBASE-4413633D,20,8,12,0,4,11,5.9,2.2,2.6,19,51,7.2,43.2,14.2,44.1,7.6,Dunning,NA,NO,NA,NA,Woodland,2,1,Carnivore,Invertivore,Insessorial,-36,-16.78,-27.63,131.95,4124270.8,Acanthiza apicalis
6218,Acanthiza chrysorrhoa,Acanthizidae,Passeriformes,AVIBASE-B1B0E343,13,5,8,0,4,11.7,6.2,2.1,2.5,18,58.3,9.1,49.1,15.6,37.9,9.3,Dunning,NA,NO,NA,NA,Woodland,2,1,Carnivore,Invertivore,Terrestrial,-43.64,-18.56,-28.8,136.41,4590956.34,Acanthiza chrysorrhoa
6223,Acanthiza ewingii,Acanthizidae,Passeriformes,AVIBASE-14B92847,12,3,6,3,4,10.7,5.6,1.9,2.5,21.5,52.2,8.3,42.5,16.3,46.4,6.9,Dunning,NA,NO,NA,NA,Forest,2,1,Carnivore,Invertivore,Insessorial,-43.64,-39.44,-41.94,146.59,68050.51,Acanthiza ewingii
6221,Acanthiza lineata,Acanthizidae,Passeriformes,AVIBASE-D0A0845A,19,9,10,0,4,9.9,5,2.1,2.8,17.1,51.5,9.4,40,19.1,37.9,6.9,Dunning,NA,NO,NA,NA,Forest,2,1,Omnivore,Invertivore,Insessorial,-39.24,-23.09,-32.16,147.5,1043817.35,Acanthiza lineata
6220,Acanthiza nana,Acanthizidae,Passeriformes,AVIBASE-D6D77AFA,19,8,11,0,4,10,5.2,2.1,2.7,17.2,49.1,8.8,40.8,17.8,36.8,6.2,Dunning,NA,NO,NA,NA,Shrubland,2,1,Carnivore,Invertivore,Insessorial,-39.14,-15.68,-29.95,146.15,2021416.13,Acanthiza nana
6224,Acanthiza pusilla,Acanthizidae,Passeriformes,AVIBASE-8F6C8E9E,17,5,12,0,4,11.2,5.3,2.1,2.6,18.7,51.8,7.6,44.1,14.6,43.4,7.6,Dunning,NA,NO,NA,NA,Shrubland,2,1,Carnivore,Invertivore,Insessorial,-43.64,-20,-32.24,147.72,1131818.69,Acanthiza pusilla
6229,Acanthiza reguloides,Acanthizidae,Passeriformes,AVIBASE-7B1144C8,16,8,8,0,4,11,6,2.2,2.6,16.7,52,7.3,44.7,14,38.9,7.7,Dunning,NA,NO,NA,NA,Forest,2,1,Carnivore,Invertivore,Insessorial,-39.14,-15.8,-29.59,146.67,1843422.3,Acanthiza reguloides
6228,Acanthiza uropygialis,Acanthizidae,Passeriformes,AVIBASE-27F7E242,12,5,7,0,4,10.2,5.3,2,2.3,18,51.8,7.9,44.6,15,38.3,6.4,Dunning,NA,NO,NA,NA,Woodland,2,1,Carnivore,Invertivore,Insessorial,-38.05,-19.82,-28.24,134,4788831.67,Acanthiza uropygialis
6213,Acanthornis magna,Acanthizidae,Passeriformes,AVIBASE-69825DA0,10,2,7,1,4,15.2,8.4,2.3,2.9,21.9,56,9.2,46.1,16.6,48,10.2,Dunning,NA,NO,NA,NA,Forest,1,1,Carnivore,Invertivore,Generalist,-43.64,-39.58,-41.92,146.39,45032.53,Acanthornis magna
6214,Aphelocephala leucopsis,Acanthizidae,Passeriformes,AVIBASE-AAEA810D,13,5,8,0,4,10.1,5.8,2.9,4,17.8,60.2,11.8,47.8,19.9,44.2,12.3,Dunning,NA,NO,NA,NA,Woodland,2,1,Carnivore,Invertivore,Terrestrial,-38.17,-21.53,-29.43,134.97,3741148.76,Aphelocephala leucopsis
6196,Calamanthus campestris,Acanthizidae,Passeriformes,AVIBASE-92A779D7,12,4,7,1,4,15.5,8.5,2.7,3.2,22.2,55.1,4,50.5,7.3,43.8,13.9,Dunning,NA,NO,NA,NA,Shrubland,2,1,Carnivore,Invertivore,Terrestrial,-37.2,-20.6,-29.27,132.19,1452514.49,Calamanthus campestris
6193,Hylacola cauta,Acanthizidae,Passeriformes,AVIBASE-6F9A44BC,10,4,6,0,2,15.3,8.1,2.6,3.2,22,54.8,5.8,48,10.8,53,15.2,Dunning,NA,NO,NA,NA,Shrubland,2,1,Carnivore,Invertivore,Terrestrial,-38.11,-29.02,-33.03,131.34,971888.94,Calamanthus cautus
6194,Calamanthus fuliginosus,Acanthizidae,Passeriformes,AVIBASE-4F4CA5E6,13,4,8,1,4,15.2,7.8,2.7,3.5,21.8,56.1,5.8,48,10.7,51,20.8,Dunning,NA,NO,NA,NA,Shrubland,2,1,Carnivore,Invertivore,Terrestrial,-43.64,-33.79,-38.96,145.9,197682.93,Calamanthus fuliginosus
6192,Hylacola pyrrhopygia,Acanthizidae,Passeriformes,AVIBASE-61C34487,10,2,6,2,2,14.6,7.2,2.9,3.8,21.6,55.1,5,50,8.9,58,16.8,Dunning,NA,NO,NA,NA,Shrubland,2,1,Carnivore,Invertivore,Terrestrial,-39.14,-27.56,-34,146.51,767767.19,Calamanthus pyrrhopygius
6187,Gerygone fusca,Acanthizidae,Passeriformes,AVIBASE-0EF82B71,12,5,7,0,4,10.8,5.6,2.7,2.6,16.9,56.8,11.8,45.1,20.6,41.8,5.4,Dunning,NA,NO,NA,NA,Woodland,2,1,Carnivore,Invertivore,Insessorial,-38.59,-16.48,-27.79,139.61,2747581.75,Gerygone fusca
6186,Gerygone levigaster,Acanthizidae,Passeriformes,AVIBASE-1B655B31,12,5,7,0,4,11.9,7,2.7,2.6,16.9,53.8,8,43.5,15.5,39.7,6.2,Dunning,NA,NO,NA,NA,Woodland,2,1,Carnivore,Invertivore,Insessorial,-33.34,-7.36,-17.91,140.1,342256.68,Gerygone levigaster
6168,Gerygone mouki,Acanthizidae,Passeriformes,AVIBASE-8A475492,17,7,10,0,4,11.1,6.3,2.6,2.6,17,49.9,7.7,40.4,16,42.2,5.2,Dunning,NA,NO,NA,NA,Forest,1,1,Carnivore,Invertivore,Insessorial,-38.69,-12.75,-28.47,149.67,387637.87,Gerygone mouki
6173,Gerygone olivacea,Acanthizidae,Passeriformes,AVIBASE-4744C788,16,5,11,0,6,11.7,6.7,3,2.8,17.2,56.5,10.8,46.2,18.9,37.6,6.7,Dunning,NA,NO,NA,NA,Woodland,2,1,Carnivore,Invertivore,Insessorial,-39.14,-7.86,-22.92,141.67,2358084.06,Gerygone olivacea
6197,Origma solitaria,Acanthizidae,Passeriformes,AVIBASE-C2591EC1,9,2,4,3,4,15.3,7.8,2.7,3,22.2,65.9,8.5,56.8,13,55.4,14.3,Dunning,NA,NO,NA,NA,Rock,3,1,Carnivore,Invertivore,Generalist,-35.49,-31.68,-33.19,150.46,56963.22,Origma solitaria
6191,Pyrrholaemus sagittatus,Acanthizidae,Passeriformes,AVIBASE-A68B1787,17,5,12,0,4,11.6,6.1,2.5,3,20,60.8,10.2,50.5,16.7,48.9,13.3,Dunning,NA,NO,NA,NA,Woodland,2,1,Carnivore,Invertivore,Terrestrial,-39.51,-21.71,-30.65,147.98,1269134.5,Pyrrholaemus sagittatus
6201,Neosericornis citreogularis,Acanthizidae,Passeriformes,AVIBASE-D51A7B9A,13,5,7,1,4,15.5,8.1,3.3,3.2,26.3,66.8,9.9,52.2,16,50.1,17.6,Dunning,NA,NO,NA,NA,Forest,1,1,Carnivore,Invertivore,Terrestrial,-36.33,-14.86,-28.74,150.77,169010.51,Sericornis citreogularis
6209,Sericornis frontalis,Acanthizidae,Passeriformes,AVIBASE-3E73B907,19,6,10,3,4,14.6,7.5,2.5,2.9,20.7,55.6,7,48.6,12.7,45.7,13.2,Dunning,NA,NO,NA,NA,Shrubland,1,1,Omnivore,Invertivore,Insessorial,-41,-15.18,-31.43,138.02,1682487.01,Sericornis frontalis
6208,Sericornis humilis,Acanthizidae,Passeriformes,AVIBASE-C9FE7134,10,3,5,2,2,15.9,8.8,2.8,3.5,24.8,61.7,7.3,52.2,12.3,52.3,18.3,Dunning,NA,NO,NA,NA,Forest,1,1,Carnivore,Invertivore,Terrestrial,-43.64,-39.58,-41.89,146.59,41698.31,Sericornis humilis
6188,Smicrornis brevirostris,Acanthizidae,Passeriformes,AVIBASE-4568006A,19,6,13,0,4,8,4,2.4,2.8,15.7,49.6,8.4,42.1,16.6,34,5.3,Dunning,NA,NO,NA,NA,Woodland,2,1,Carnivore,Invertivore,Insessorial,-39.14,-10.02,-25.7,134.77,7230924.88,Smicrornis brevirostris
7342,Alauda arvensis,Alaudidae,Passeriformes,AVIBASE-ED2AC04E,34,12,22,0,16,14.6,8.8,4.4,4.7,23.6,106.7,36,70.8,33.6,67.6,37.3,Dunning,NA,NO,NA,NA,Grassland,3,2,Omnivore,Omnivore,Terrestrial,-46.24,71.13,53.41,76.7,26018285.25,Alauda arvensis
6544,Artamus cinereus,Artamidae,Passeriformes,AVIBASE-DD4B0562,17,5,12,0,4,21,13.4,6,7,22.3,119.9,45.7,75.5,37.7,67.7,35.6,Dunning,NA,NO,NA,NA,Woodland,2,1,Carnivore,Invertivore,Aerial,-37.08,-7.05,-24.9,133.79,7423572.8,Artamus cinereus
6543,Artamus cyanopterus,Artamidae,Passeriformes,AVIBASE-0DA479A1,12,3,8,1,4,19.1,10.7,5.9,6.9,19.3,123.2,55.3,67.4,45,69.2,34.6,Dunning,NA,NO,NA,NA,Woodland,2,1,Carnivore,Invertivore,Aerial,-43.64,-16.74,-29.53,139.51,3897118.38,Artamus cyanopterus
6547,Artamus leucorynchus,Artamidae,Passeriformes,AVIBASE-05793C3E,18,5,10,3,4,22.1,14.7,8.3,8.3,18.4,131.4,59,73,44.8,59,41.7,Dunning,NA,NO,NA,NA,Woodland,2,1,Carnivore,Invertivore,Aerial,-38.18,18.65,-16.31,133.44,7650935.5,Artamus leucoryn
6537,Cracticus nigrogularis,Artamidae,Passeriformes,AVIBASE-B731E469,14,5,9,0,4,43.9,27.1,9.8,13.8,36.5,171.8,48.5,125,27.9,129.3,128,Dunning,NA,NO,NA,NA,Woodland,2,1,Carnivore,Omnivore,Insessorial,-38.61,-11,-24.64,133.63,6347951.06,Cracticus nigrogularis
6538,Cracticus torquatus,Artamidae,Passeriformes,AVIBASE-9CD4E6BB,10,4,5,1,4,40.4,28.6,9.2,12.5,30,145.1,39.2,108.4,26.4,110.6,82.9,Dunning,NA,NO,NA,NA,Woodland,2,1,Omnivore,Omnivore,Insessorial,-43.64,-14.5,-27.75,135.34,6032491.25,Cracticus torquatus
6534,Gymnorhina tibicen,Artamidae,Passeriformes,AVIBASE-3CE2F51F,30,9,20,1,9,54.7,35.8,11.9,15.8,56.2,256.6,108.3,157.9,40.7,137.2,284.9,Dunning,NA,NO,NA,NA,Woodland,2,1,Carnivore,Invertivore,Terrestrial,-43.55,-8.51,-26.45,135.38,6726971.95,Gymnorhina tibicen
6530,Strepera fuliginosa,Artamidae,Passeriformes,AVIBASE-7FF38E73,12,3,4,5,4,66.5,47,13.5,21.7,57.4,255.1,75.5,183.9,29.2,174.7,375.5,Dunning,NA,NO,NA,NA,Forest,1,1,Carnivore,Omnivore,Terrestrial,-43.64,-39.44,-41.94,146.59,68050.36,Strepera fuliginosa
6531,Strepera graculina,Artamidae,Passeriformes,AVIBASE-B39778F8,18,5,12,1,4,59.6,37.1,14.3,19.8,52.6,260.6,76.7,182.5,29.6,193.8,298.9,Dunning,NA,NO,NA,NA,Forest,2,1,Omnivore,Omnivore,Generalist,-39.48,-10.02,-27.98,147.4,1580095.1,Strepera graculina
6532,Strepera versicolor,Artamidae,Passeriformes,AVIBASE-B7717F2A,15,4,8,3,4,65.3,43.9,13.4,20.1,63,267.3,71.8,196.1,26.8,213.7,395.5,Dunning,NA,NO,NA,NA,Forest,2,1,Carnivore,Omnivore,Terrestrial,-43.45,-23.06,-32.07,131.9,2079178.27,Strepera versicolor
6447,Coracina maxima,Campephagidae,Passeriformes,AVIBASE-69C99EC0,13,4,9,0,4,26.3,16.4,8,7.9,38.7,204.3,85.4,121.1,41.3,172.2,127,Dunning,NA,NO,NA,NA,Shrubland,3,1,Carnivore,Invertivore,Terrestrial,-38.43,-12.21,-26.11,134.96,6390802.08,Coracina maxima
6450,Coracina novaehollandiae,Campephagidae,Passeriformes,AVIBASE-EBACA7A4,15,5,10,0,4,28.8,15.7,10.7,10.5,28.7,192,73.7,118.5,38.4,135.7,118,Dunning,NA,NO,NA,NA,Forest,2,1,Carnivore,Invertivore,Insessorial,-43.64,-8.04,-25.69,134.52,7703886.1,Coracina novaehollandiae
6463,Coracina papuensis,Campephagidae,Passeriformes,AVIBASE-FFB094BE,28,6,22,0,10,32,20.3,11.4,11.2,25.3,154.1,47.2,109.5,30.1,109.5,63.5,Dunning,NA,NO,NA,NA,Woodland,2,1,Carnivore,Invertivore,Insessorial,-39.24,2.65,-20.83,142.03,4454361.88,Coracina papuensis
6494,Edolisoma tenuirostre,Campephagidae,Passeriformes,AVIBASE-F177B288,16,5,11,0,4,27.2,16.3,7.9,7.9,24.6,128.1,41.2,87.8,31.9,93.1,60.9,Dunning,NA,NO,NA,NA,Shrubland,2,1,Carnivore,Invertivore,Insessorial,-38.89,6.68,-16.67,142.79,2156165.11,Edolisoma tenuirostre
6298,Cinclosoma castanotum,Cinclosomatidae,Passeriformes,AVIBASE-A070D2D5,19,7,12,0,4,21.4,10.9,4.3,5,31.9,100.1,24.1,75.1,24.3,98.3,73.3,Dunning,NA,NO,NA,NA,Woodland,2,1,Carnivore,Invertivore,Terrestrial,-36.41,-20.79,-28.81,129.8,2823366.52,Cinclosoma castanotum
6297,Cinclosoma punctatum,Cinclosomatidae,Passeriformes,AVIBASE-07466471,12,6,6,0,3,22.2,11.8,4.6,5.5,33.1,110.3,24,85.8,21.8,114.3,113.3,Dunning,NA,NO,NA,NA,Forest,2,1,Carnivore,Invertivore,Terrestrial,-43.55,-23.25,-33.51,148.94,564852.46,Cinclosoma punctatum
5932,Climacteris erythrops,Climacteridae,Passeriformes,AVIBASE-DC00AA16,6,3,3,0,4,20.6,10.5,3.1,3.5,21.5,83.3,21,62.2,25.2,64.2,23.3,Dunning,NA,NO,NA,NA,Forest,2,1,Carnivore,Invertivore,Insessorial,-39.14,-25.28,-32.9,150.15,317210.54,Climacteris erythrops
5935,Climacteris picumnus,Climacteridae,Passeriformes,AVIBASE-B3CBAA5C,10,5,5,0,4,18.6,10,3.4,3.6,23.2,89,23.1,65.9,25.9,63.4,28.9,Dunning,NA,NO,NA,NA,Forest,2,1,Carnivore,Invertivore,Insessorial,-38.43,-11,-28.79,145.77,2269397.31,Climacteris picumnus
5930,Cormobates leucophaea,Climacteridae,Passeriformes,AVIBASE-F91FF9AA,18,8,10,0,4,20,11.2,2.8,3.2,20.7,86.8,26.4,60.3,30.5,61.1,22,Dunning,NA,NO,NA,NA,Forest,2,1,Carnivore,Invertivore,Insessorial,-39.15,-14.8,-31.52,148.09,969111.73,Cormobates leucophaea
7049,Corcorax melanorhamphos,Corcoracidae,Passeriformes,AVIBASE-D7FD3046,10,3,5,2,4,49.3,33.6,9.2,11.9,61.5,244.9,55.8,192.2,22.6,203.3,364,Dunning,NA,NO,NA,NA,Woodland,2,1,Omnivore,Omnivore,Terrestrial,-39.24,-18.62,-30.38,146.06,1979313.45,Corcorax melanorhamphos
7050,Struthidea cinerea,Corcoracidae,Passeriformes,AVIBASE-5811EC08,8,3,5,0,4,25.1,13.3,7.7,11.4,39,146.6,24.3,124.7,16.3,153.5,132,Dunning,NA,NO,NA,NA,Shrubland,2,1,Omnivore,Omnivore,Terrestrial,-37,-13.74,-25.83,144.51,2500913.56,Struthidea cinerea
7002,Corvus bennetti,Corvidae,Passeriformes,AVIBASE-4DADACA1,10,5,5,0,4,50.7,32,13.4,16.6,55.4,313.5,129.5,184.9,41.1,173.3,389,Dunning,NA,NO,NA,NA,Shrubland,2,1,Omnivore,Omnivore,Generalist,-36.03,-14.76,-25.69,131.69,5681813.47,Corvus bennetti
7005,Corvus coronoides,Corvidae,Passeriformes,AVIBASE-1D45897E,16,6,10,0,4,61.1,39.8,16.2,20.1,63.6,356.1,147.8,211.6,41.1,198.7,644.3,Dunning,NA,NO,NA,NA,Shrubland,2,1,Omnivore,Omnivore,Generalist,-39.24,-12.68,-27.75,138.57,4803477.78,Corvus coronoides
7003,Corvus mellori,Corvidae,Passeriformes,AVIBASE-DE78C792,13,6,7,0,4,55.4,36.2,13.6,17.9,59,330.8,130.4,199.4,39.5,184.7,540.4,Dunning,NA,NO,NA,NA,Shrubland,2,1,Omnivore,Omnivore,Generalist,-40.48,-28.51,-33.29,143.8,1353458.96,Corvus mellori
7001,Corvus orru,Corvidae,Passeriformes,AVIBASE-3E47E56F,18,7,11,0,4,60.1,41.1,16.5,20.2,57,327.4,118.7,204.5,36.7,166.7,508,Dunning,NA,NO,NA,NA,Forest,2,1,Omnivore,Omnivore,Generalist,-33.75,2.64,-19.42,134.76,5394057.72,Corvus orru
7004,Corvus tasmanicus,Corvidae,Passeriformes,AVIBASE-2CABE055,8,1,4,3,4,63,40.5,15.4,19.2,61.9,344.4,134.1,211.7,38.8,190.3,676.3,Dunning,NA,NO,NA,NA,Woodland,2,1,Omnivore,Omnivore,Generalist,-43.64,-28.71,-36.48,146.37,374479.03,Corvus tasmanicus
9460,Dicaeum hirundinaceum,Dicaeidae,Passeriformes,AVIBASE-7CCB0FB6,18,8,10,0,3,10.7,5.8,3.3,3.5,12.8,60.2,15.6,45.2,25.7,30.8,9,Dunning,NA,NO,NA,NA,Forest,2,2,Omnivore,Invertivore,Insessorial,-39.48,-10.02,-25.13,134.47,6464367.1,Dicaeum hirundinaceum
6768,Dicrurus bracteatus,Dicruridae,Passeriformes,AVIBASE-FEB566B5,17,5,12,0,4,34.4,22,10.3,11.7,23.6,150,34.4,113.6,23.2,120.2,85.5,Dunning,NA,NO,NA,NA,Forest,1,1,Carnivore,Invertivore,Insessorial,-39.15,2.65,-15.51,143.43,1975520.32,Dicrurus bracteatus
9833,Lonchura punctulata,Estrildidae,Passeriformes,AVIBASE-6D4F72B1,31,4,9,18,12,11.8,8.8,6.7,7.5,14,52.6,11.9,42.4,22,39,13.6,Dunning,NA,NO,NA,NA,Grassland,2,1,Herbivore,Granivore,Generalist,-10.94,35.69,18.7,96.89,7189322.58,Lonchura punctulata
9866,Neochmia temporalis,Estrildidae,Passeriformes,AVIBASE-4359B503,15,7,8,0,4,10.8,7.6,5.3,6.3,15.3,52,11.2,42,21.1,48.4,11.4,Dunning,NA,NO,NA,NA,Woodland,2,1,Herbivore,Granivore,Terrestrial,-39.48,-11,-29.52,147.61,1074490.65,Neochmia temporalis
9861,Stagonopleura bella,Estrildidae,Passeriformes,AVIBASE-82ABFD7F,8,4,4,0,4,12.3,8.7,6.2,7,17.2,57.2,11,46.9,19,48.5,14,Dunning,NA,NO,NA,NA,Shrubland,2,1,Herbivore,Granivore,Generalist,-43.64,-32.59,-37.81,145.82,276741.26,Stagonopleura bella
9863,Stagonopleura guttata,Estrildidae,Passeriformes,AVIBASE-00AF5DA1,11,5,6,0,4,10.6,8.1,6.1,6.4,16.2,66,17.9,48.8,26.9,39.5,17.6,Dunning,NA,NO,NA,NA,Woodland,3,1,Herbivore,Granivore,Terrestrial,-39.14,-23.36,-32,146.31,1457198.69,Stagonopleura guttata
9876,Stizoptera bichenovii,Estrildidae,Passeriformes,AVIBASE-4DF9C4F6,9,3,6,0,4,9.7,6.9,5.2,6,13.5,50.9,9.1,42,17.8,44.2,9.6,Dunning,NA,NO,NA,NA,Shrubland,2,1,Herbivore,Granivore,Terrestrial,-37.8,-11.12,-22.88,141.63,3108066.1,Taeniopygia bichenovii
9874,Taeniopygia guttata,Estrildidae,Passeriformes,AVIBASE-CF7D71B0,8,4,4,0,7,10,7.1,5.3,6.3,13.3,50.5,11.2,39.2,22.2,34.2,12,Dunning,NA,NO,NA,NA,Grassland,2,2,Herbivore,Granivore,Terrestrial,-10.94,-7.56,-8.98,121.92,83399.73,Taeniopygia guttata
6305,Falcunculus frontatus,Falcunculidae,Passeriformes,AVIBASE-0F1929A3,13,7,6,0,4,19.5,10.2,5.2,10.4,20.6,89.1,18.8,72.6,20.5,78.7,27.9,Dunning,NA,NO,NA,NA,Woodland,1,1,Carnivore,Invertivore,Insessorial,-39.48,-17.06,-32.86,146.56,983184.28,Falcunculus frontatus
10214,Carduelis carduelis,Fringillidae,Passeriformes,AVIBASE-59353A05,30,11,19,0,12,15.4,11.2,5.5,7.2,14.7,77.4,25.8,51.6,33.4,48.6,16,Dunning,NA,NO,NA,NA,Woodland,2,1,Herbivore,Granivore,Insessorial,23.49,63.96,50.13,35.73,11860717.87,Carduelis carduelis
10159,Chloris chloris,Fringillidae,Passeriformes,AVIBASE-65BD2033,30,14,16,0,8,14.4,11,7.6,8.8,17.3,85.3,27.8,57.4,32.5,55.7,26,Dunning,NA,NO,NA,NA,Woodland,2,1,Herbivore,Granivore,Generalist,27.64,70.26,50.67,25.85,10220595.83,Chloris chloris
7640,Cincloramphus mathewsi,Locustellidae,Passeriformes,AVIBASE-D6C5E52E,11,4,7,0,4,16.6,8.8,3.6,3.9,25.7,86.2,17.8,64.2,21.4,78.4,29.3,Dunning,NA,NO,NA,NA,Grassland,3,3,Carnivore,Invertivore,Terrestrial,-37.96,-20.74,-30.05,138.89,2030401.43,Cincloramphus mathewsi
5947,Malurus cyaneus,Maluridae,Passeriformes,AVIBASE-DAC72D07,15,6,9,0,3,12,5.6,2.5,2.6,23.9,50.7,7.3,42.9,14.6,60.9,10.3,Dunning,NA,NO,NA,NA,Shrubland,2,1,Carnivore,Invertivore,Terrestrial,-43.62,-22.76,-32.39,147.14,1239779.31,Malurus cyaneus
5946,Malurus lamberti,Maluridae,Passeriformes,AVIBASE-468816FA,5,3,2,0,2,12.5,5.5,2.7,2.7,21.4,47.8,5.5,41,11.8,75.9,8,Dunning,NA,NO,NA,NA,Shrubland,2,1,Carnivore,Invertivore,Insessorial,-36.63,-23.34,-29.12,151.78,212534.11,Malurus lamberti
5950,Malurus melanocephalus,Maluridae,Passeriformes,AVIBASE-0E9290F8,231,6,225,0,5,11.7,7.3,3.2,3,21.7,41.4,4.8,38.6,10.8,53.3,7.9,Dunning,NA,NO,NA,NA,Woodland,1,1,Carnivore,Invertivore,Terrestrial,-32.78,-10.69,-19.39,138.95,2025747.65,Malurus melanocephalus
5948,Malurus splendens,Maluridae,Passeriformes,AVIBASE-A334276B,16,7,9,0,4,11.7,5.4,2.5,2.6,22.1,50.5,6.2,44.5,12.3,60.1,9.4,Dunning,NA,NO,NA,NA,Shrubland,2,1,Carnivore,Invertivore,Terrestrial,-36.16,-19.25,-28.18,132.45,2710216.86,Malurus splendens
6128,Acanthagenys rufogularis,Meliphagidae,Passeriformes,AVIBASE-BFB1C22E,17,5,12,0,4,25.7,11.3,3.7,5,25.1,111.1,25,82.8,23.2,111.4,47.8,Dunning,NA,NO,NA,NA,Shrubland,2,1,Omnivore,Omnivore,Insessorial,-38.86,-16.14,-27.1,133.98,5976565.2,Acanthagenys rufogularis
6070,Acanthorhynchus tenuirostris,Meliphagidae,Passeriformes,AVIBASE-A542D690,20,6,12,2,4,26.8,18.9,2.3,2.7,18,65.6,14.2,54.6,20.6,57.1,10.4,Dunning,NA,NO,NA,NA,Forest,2,1,Omnivore,Nectarivore,Insessorial,-43.64,-15,-33.06,147.62,763502.74,Acanthorhynchus tenuirostris
6132,Anthochaera carunculata,Meliphagidae,Passeriformes,AVIBASE-F8C0016A,24,7,14,3,4,32.3,12.8,4.8,6.1,34.1,154.5,39.9,115.2,25.6,163.2,106.1,Dunning,NA,NO,NA,NA,Forest,2,2,Herbivore,Nectarivore,Insessorial,-39.49,-26.2,-32.09,134.25,2173024.9,Anthochaera carunculata
6130,Anthochaera chrysoptera,Meliphagidae,Passeriformes,AVIBASE-04A7ABB7,12,3,7,2,4,29.1,12.1,4.3,5.9,27.4,129.2,24.7,100,19.8,139.5,67.8,Dunning,NA,NO,NA,NA,Forest,2,1,Herbivore,Nectarivore,Insessorial,-43.64,-24,-34.64,146.85,671226.2,Anthochaera chrysoptera
6133,Anthochaera paradoxa,Meliphagidae,Passeriformes,AVIBASE-3A72B910,10,1,8,1,4,31.9,11.8,5,6.4,40.2,179.7,40.2,132.8,23.2,233.6,143.7,Dunning,NA,NO,NA,NA,Forest,1,2,Herbivore,Nectarivore,Insessorial,-43.6,-39.58,-41.86,146.9,46805.04,Anthochaera paradoxa
6131,Anthochaera phrygia,Meliphagidae,Passeriformes,AVIBASE-1C525B4A,11,3,5,3,4,21.6,8.3,3.3,4.4,22.2,110.1,29.4,81.2,26.6,97.2,40,Dunning,NA,NO,NA,NA,Forest,2,2,Herbivore,Omnivore,Insessorial,-36.73,-30.58,-34.17,148.6,8643.74,Anthochaera phrygia
6144,Caligavis chrysops,Meliphagidae,Passeriformes,AVIBASE-C6170551,24,11,13,0,4,16.5,7.8,2.6,3.3,18.2,78.1,15,62,19.5,67.1,17.3,Dunning,NA,NO,NA,NA,Forest,2,3,Herbivore,Omnivore,Insessorial,-39.68,-15.09,-30.25,146.69,1457474.72,Caligavis chrysops
5986,Entomyzon cyanotis,Meliphagidae,Passeriformes,AVIBASE-7B865192,17,5,9,3,4,32.9,15.5,5.1,7.1,31.9,150.5,40.2,116,25.7,121.6,105.3,Dunning,NA,NO,NA,NA,Forest,2,1,Omnivore,Omnivore,Insessorial,-38.83,-8.61,-27.2,146.46,2004063.99,Entomyzon cyanotis
6097,Epthianura albifrons,Meliphagidae,Passeriformes,AVIBASE-54C1FDE5,16,3,13,0,4,12.7,7.6,2.4,2.6,19,70.4,16,53.9,22.9,42.1,13.3,Dunning,NA,NO,NA,NA,Wetland,3,1,Carnivore,Invertivore,Generalist,-43.64,-23.02,-31.77,134.03,2667021.56,Epthianura albifrons
6096,Epthianura tricolor,Meliphagidae,Passeriformes,AVIBASE-6A8D3C1E,14,5,9,0,4,13.6,7.2,2.5,2.6,18.2,66.2,16.4,50.4,24.6,39.2,10.7,Dunning,NA,NO,NA,NA,Shrubland,2,1,Carnivore,Invertivore,Generalist,-36.47,-19.82,-27.37,133.81,1741451.32,Epthianura tricolor
6135,Gavicalis virescens,Meliphagidae,Passeriformes,AVIBASE-ADF91F60,20,10,10,0,4,19.6,9.3,3.1,3.9,22.6,90.9,16.4,73.6,18.2,81.2,23.3,Dunning,NA,NO,NA,NA,Shrubland,2,1,Omnivore,Invertivore,Insessorial,-38.86,-11.12,-25.8,133.91,7306702.44,Gavicalis virescens
6079,Gliciphila melanops,Meliphagidae,Passeriformes,AVIBASE-AD945C6E,16,6,10,0,4,21.3,11.9,2.7,3.5,21.2,78.8,18.2,58.1,23.9,66.2,18.2,Dunning,NA,NO,NA,NA,Shrubland,2,1,Omnivore,Nectarivore,Insessorial,-43.64,-26.9,-34.12,134.98,1135955.29,Gliciphila melanops
6012,Grantiella picta,Meliphagidae,Passeriformes,AVIBASE-56DDD096,7,1,3,3,4,16.9,8.9,3.4,3.9,17.4,87,29.5,55.9,34.6,51.9,21.5,Dunning,NA,NO,NA,NA,Woodland,2,3,Herbivore,Omnivore,Insessorial,-38.45,-23.36,-33.42,147.08,374029.06,Grantiella picta
6147,Lichenostomus cratitius,Meliphagidae,Passeriformes,AVIBASE-D2F157E4,13,3,10,0,4,19.1,7.8,2.6,3.8,21.7,82.7,15.8,64.4,19.7,75,20.3,Dunning,NA,NO,NA,NA,Woodland,2,1,Omnivore,Omnivore,Insessorial,-37.25,-30.97,-33.98,132.15,479802.48,Lichenostomus cratitius
6148,Lichenostomus melanops,Meliphagidae,Passeriformes,AVIBASE-6409E246,22,10,12,0,4,18.7,8.5,3,4.1,21.7,84.5,15.9,64.8,19.6,82,32.3,Dunning,NA,NO,NA,NA,Forest,2,2,Omnivore,Omnivore,Insessorial,-39.15,-23.02,-31.75,148.68,732848.75,Lichenostomus melanops
6152,Manorina flavigula,Meliphagidae,Passeriformes,AVIBASE-A2D30980,19,5,13,1,4,25.7,12.3,3.9,5.3,29.8,126.6,29.2,100.3,22.6,104.1,55.9,Dunning,NA,NO,NA,NA,Woodland,2,1,Carnivore,Invertivore,Insessorial,-36.8,-10.9,-25.2,133.02,6815495.21,Manorina flavigula
6150,Manorina melanocephala,Meliphagidae,Passeriformes,AVIBASE-585D688F,24,8,16,0,4,24.3,10.5,4.1,5.6,30.7,136.1,33.9,102.9,24.8,121.3,60.2,Dunning,NA,NO,NA,NA,Woodland,2,1,Omnivore,Omnivore,Insessorial,-43.58,-12.75,-29.23,146.36,2065246.62,Manorina melanocephala
6149,Manorina melanophrys,Meliphagidae,Passeriformes,AVIBASE-7E6D62E4,13,3,8,2,4,17.1,7.4,3,4.9,22.1,94.6,18.2,73.8,19.9,81.3,30.4,Dunning,NA,NO,NA,NA,Forest,2,1,Carnivore,Invertivore,Insessorial,-39.15,-25.73,-32.98,150.17,317354.76,Manorina melanophrys
5990,Melithreptus affinis,Meliphagidae,Passeriformes,AVIBASE-C976BB55,10,4,6,0,4,14,7,3,3.6,18.1,78.2,21.4,55.6,27.8,59,15,Dunning,NA,NO,NA,NA,Forest,1,1,Carnivore,Invertivore,Insessorial,-43.64,-39.58,-41.94,146.59,68030,Melithreptus affinis
5991,Melithreptus albogularis,Meliphagidae,Passeriformes,AVIBASE-650D1F07,21,8,13,0,4,14.3,7.5,2.8,3.2,15.9,71,16.5,57.6,22.3,52.3,11,Dunning,NA,NO,NA,NA,Forest,2,1,Carnivore,Invertivore,Insessorial,-31.29,-5.79,-17.95,139.87,1473520.94,Melithreptus albogularis
5995,Melithreptus brevirostris,Meliphagidae,Passeriformes,AVIBASE-08DADC05,21,8,13,0,4,14.2,7.6,3,3.6,16.7,69.3,15.7,53.3,22.8,54.7,12.6,Dunning,NA,NO,NA,NA,Forest,2,1,Omnivore,Omnivore,Insessorial,-39.48,-23.06,-31.81,140.12,2003053.24,Melithreptus brevirostris
5994,Melithreptus gularis,Meliphagidae,Passeriformes,AVIBASE-8D322DD1,7,3,2,2,4,16.9,8.2,3.5,4.1,18.7,83.6,23.1,60.2,27.7,63.3,19.4,Dunning,NA,NO,NA,NA,Forest,2,1,Omnivore,Omnivore,Insessorial,-38.07,-19.21,-29.87,147.58,1260779.55,Melithreptus gularis
5989,Melithreptus lunatus,Meliphagidae,Passeriformes,AVIBASE-E4C4AC31,17,7,10,0,4,14.4,7.2,2.8,3.4,16.9,74.7,20.7,54.3,27.6,56.5,14,Dunning,NA,NO,NA,NA,Forest,2,1,Carnivore,Invertivore,Insessorial,-39.51,-15.35,-30.66,146.97,1242453.6,Melithreptus lunatus
5992,Melithreptus validirostris,Meliphagidae,Passeriformes,AVIBASE-4464B512,13,3,10,0,4,19.3,10.4,4.3,4.5,20.3,80.8,19.3,63,23.5,67,24.8,Dunning,NA,NO,NA,NA,Forest,1,1,Carnivore,Invertivore,Insessorial,-43.64,-39.58,-41.87,146.64,60660.3,Melithreptus validirostris
6053,Myzomela sanguinolenta,Meliphagidae,Passeriformes,AVIBASE-F3E41C51,15,5,9,1,4,13.8,8.2,2.2,2.4,13.6,57.8,12.9,45.1,22.2,34.6,8.3,Dunning,NA,NO,NA,NA,Forest,2,2,Herbivore,Nectarivore,Insessorial,-38.13,-14.05,-27.41,148.84,912973.16,Myzomela sanguinolenta
5997,Nesoptilotis flavicollis,Meliphagidae,Passeriformes,AVIBASE-CAD27557,15,7,8,0,4,19.3,8,2.9,3.6,24.9,99.6,22.6,79.4,22,93.5,28.7,Dunning,NA,NO,NA,NA,Forest,1,1,Omnivore,Omnivore,Insessorial,-43.64,-39.58,-41.91,146.61,66098.27,Nesoptilotis flavicollis
5996,Nesoptilotis leucotis,Meliphagidae,Passeriformes,AVIBASE-6897E78D,26,12,14,0,4,18.2,8.4,2.5,3.4,21.7,88.8,15.3,73.4,17.3,80.8,23.9,Dunning,NA,NO,NA,NA,Shrubland,2,1,Omnivore,Invertivore,Insessorial,-39.48,-19.6,-31.29,139.62,1974990,Nesoptilotis leucotis
6016,Philemon citreogularis,Meliphagidae,Passeriformes,AVIBASE-A8A2AE86,21,8,13,0,4,31.4,16.8,4.6,6.5,27.3,127.2,25.9,103.1,20,103.3,60.6,Dunning,NA,NO,NA,NA,Forest,2,2,Herbivore,Omnivore,Insessorial,-37.71,-8.14,-23.52,141.92,3161053.22,Philemon citreogularis
6028,Philemon corniculatus,Meliphagidae,Passeriformes,AVIBASE-6AD860B6,15,5,10,0,4,35.4,18.6,5.7,8.6,31.2,152.1,42,112.4,27.1,129,100.7,Dunning,NA,NO,NA,NA,Forest,2,1,Omnivore,Omnivore,Insessorial,-39.14,-8.26,-27.22,147.27,1758116.37,Philemon corniculatus
5975,Phylidonyris novaehollandiae,Meliphagidae,Passeriformes,AVIBASE-DF9A1A25,21,7,12,2,4,22.8,9.8,2.9,4,21.8,77.9,17,59,22.4,75.4,20.2,Dunning,NA,NO,NA,NA,Shrubland,2,2,Herbivore,Nectarivore,Insessorial,-43.64,-25,-34.87,140.14,851798.64,Phylidonyris novaehollandiae
5973,Phylidonyris pyrrhopterus,Meliphagidae,Passeriformes,AVIBASE-220D80CB,13,3,10,0,4,21.3,8.8,2.4,3.4,20.4,74.3,12.3,59.1,17.4,65.3,16.3,Dunning,NA,NO,NA,NA,Forest,2,1,Herbivore,Omnivore,Insessorial,-43.64,-30.8,-37.11,146.9,357930.02,Phylidonyris pyrrhopterus
6011,Plectorhyncha lanceolata,Meliphagidae,Passeriformes,AVIBASE-37E7828E,12,5,7,0,4,20.7,11.9,3.7,4.8,24.8,110.8,22.3,83.1,21.1,98.8,40.6,Dunning,NA,NO,NA,NA,Forest,2,1,Herbivore,Omnivore,Insessorial,-37.8,-17.83,-28.84,146.02,2020455.09,Plectorhyncha lanceolata
6140,Ptilotula fusca,Meliphagidae,Passeriformes,AVIBASE-34CC9FA8,19,7,12,0,4,16.1,6.7,2.7,3.4,18.9,81,16.5,61.3,21.1,66.5,17.7,Dunning,NA,NO,NA,NA,Forest,2,1,Omnivore,Invertivore,Insessorial,-38.42,-16.65,-30.3,148.29,949120.71,Ptilotula fusca
6138,Ptilotula ornata,Meliphagidae,Passeriformes,AVIBASE-E03A81FF,13,4,9,0,4,15.9,6.2,2.6,3.3,19.1,81.5,20,60,25.1,67.8,17.6,Dunning,NA,NO,NA,NA,Woodland,2,1,Omnivore,Omnivore,Insessorial,-38.07,-28.77,-32.9,132.41,1105315.89,Ptilotula ornata
6137,Ptilotula penicillata,Meliphagidae,Passeriformes,AVIBASE-CE7BDFB9,23,8,14,1,4,16.2,7.2,2.8,3.4,19.8,79,17,62.7,21.4,70,19.4,Dunning,NA,NO,NA,NA,Forest,2,1,Omnivore,Omnivore,Insessorial,-39.48,-17.09,-26.17,135.61,4922061.09,Ptilotula penicillata
6143,Purnella albifrons,Meliphagidae,Passeriformes,AVIBASE-D1C0ED04,14,4,10,0,4,20.6,9.9,2.8,3.7,20.2,80.7,16,62.6,20.4,72.4,17.4,Dunning,NA,NO,NA,NA,Shrubland,2,1,Herbivore,Nectarivore,Insessorial,-36.48,-22.57,-30.62,132.18,792198.36,Purnella albifrons
6030,Sugomel niger,Meliphagidae,Passeriformes,AVIBASE-772E19B8,16,5,11,0,4,18,10.6,2.4,2.5,13.6,66.9,17.7,48.3,26.9,41.2,9.9,Dunning,NA,NO,NA,NA,Shrubland,2,3,Omnivore,Nectarivore,Insessorial,-37.55,-14.87,-26.21,133.35,5440427.41,Sugomel nigrum
6800,Grallina cyanoleuca,Monarchidae,Passeriformes,AVIBASE-40BC6550,15,6,9,0,4,26.2,15.6,5.7,5.5,41.7,172.1,46.3,127.8,26.6,115.5,82.6,Dunning,NA,NO,NA,NA,Grassland,2,1,Carnivore,Aquatic predator,Terrestrial,-40,-8.33,-25.59,133.55,6745925.59,Grallina cyanoleuca
6789,Myiagra cyanoleuca,Monarchidae,Passeriformes,AVIBASE-32EAD9E6,14,4,10,0,4,18.2,9.6,6.8,4.5,15.9,87.1,19.3,69.3,21.8,75.5,17.5,Dunning,NA,NO,NA,NA,Shrubland,2,3,Carnivore,Invertivore,Insessorial,-43.57,-10.02,-29.81,147.3,1086652.75,Myiagra cyanoleuca
6795,Myiagra inquieta,Monarchidae,Passeriformes,AVIBASE-D15675EE,15,3,12,0,6,21.9,11.2,5.7,4.3,19.2,99,18.5,79.9,18.7,95.3,20.9,Dunning,NA,NO,NA,NA,Woodland,2,2,Carnivore,Invertivore,Insessorial,-39.95,-22.14,-31.83,143.16,1602441.95,Myiagra inquieta
6780,Myiagra rubecula,Monarchidae,Passeriformes,AVIBASE-CCCF40F2,20,8,12,0,4,15.9,8.1,5.7,3.9,15.3,74.2,14,60,18.9,65.6,12.1,Dunning,NA,NO,NA,NA,Forest,2,1,Carnivore,Invertivore,Insessorial,-39.48,-6.1,-22.39,142.56,2268381.7,Myiagra rubecula
6244,Daphoenositta chrysoptera,Neosittidae,Passeriformes,AVIBASE-99536A00,18,9,9,0,4,14.6,9.7,2.8,3.5,16.1,79.2,23.4,54,30.2,37.4,11.7,Dunning,NA,NO,NA,NA,Forest,2,1,Carnivore,Invertivore,Insessorial,-39.24,-10.51,-26.34,136.34,4739552.35,Daphoenositta chrysoptera
6291,Oreoica gutturalis,Oreoicidae,Passeriformes,AVIBASE-588549DA,10,6,4,0,4,20.3,11.4,5.9,7.8,27.2,101.2,24.3,76.2,24.2,78.3,62.8,Dunning,NA,NO,NA,NA,Shrubland,2,1,Carnivore,Invertivore,Terrestrial,-37.5,-15.12,-27,133,4957954.29,Oreoica gutturalis
6255,Oriolus sagittatus,Oriolidae,Passeriformes,AVIBASE-068516BB,17,7,10,0,4,33.8,20.3,8.5,9.6,25.7,145.1,41.2,102.8,28.6,100.5,95.2,Dunning,NA,NO,NA,NA,Woodland,2,2,Herbivore,Omnivore,Insessorial,-39.14,-7.72,-24.55,141.93,3411405.87,Oriolus sagittatus
6356,Colluricincla harmonica,Pachycephalidae,Passeriformes,AVIBASE-AD4D85BB,19,7,12,0,4,26.4,14.6,5.5,7.9,31.1,123.2,23.9,100.5,19.2,102.1,65.8,Dunning,NA,NO,NA,NA,Forest,2,1,Carnivore,Invertivore,Insessorial,-43.64,-3.46,-25.55,135.15,6919512.58,Colluricincla harmonica
6311,Pachycephala inornata,Pachycephalidae,Passeriformes,AVIBASE-631D64E0,14,4,10,0,4,17.5,8.2,5.1,6.3,25.3,99,19.7,79.6,19.8,86.4,30.8,Dunning,NA,NO,NA,NA,Shrubland,2,1,Carnivore,Invertivore,Insessorial,-38.42,-27.45,-31.99,134,1593660.36,Pachycephala inornata
6309,Pachycephala olivacea,Pachycephalidae,Passeriformes,AVIBASE-AB08B1DE,13,3,6,4,4,18.4,9,5.1,6.5,30.4,97.3,17.3,80.4,17.7,89.1,41.2,Dunning,NA,NO,NA,NA,Shrubland,1,1,Carnivore,Invertivore,Insessorial,-43.64,-27.91,-37.51,147.12,298358.81,Pachycephala olivacea
6348,Pachycephala pectoralis,Pachycephalidae,Passeriformes,AVIBASE-FF0730AE,43,10,32,1,12,17.5,9.9,4.9,5.5,22.7,89.9,16.3,73.5,18,67.2,30.4,Dunning,NA,NO,NA,NA,Forest,2,2,Carnivore,Invertivore,Insessorial,-43.64,-1.16,-30.7,139.45,1963546.27,Pachycephala pectoralis
6339,Pachycephala rufiventris,Pachycephalidae,Passeriformes,AVIBASE-0ABCDD1C,22,8,14,0,4,16.5,8.3,4.7,5.4,21.4,92.7,22.4,70.2,24.1,66.6,22.5,Dunning,NA,NO,NA,NA,Forest,2,1,Carnivore,Invertivore,Insessorial,-39.48,-10.51,-25.44,134.41,7227395.75,Pachycephala rufiventris
6310,Pachycephala rufogularis,Pachycephalidae,Passeriformes,AVIBASE-112C6BA3,10,3,7,0,4,18.5,9,4.7,5.6,25.7,109.7,26,84.3,23.5,87.8,36.6,Dunning,NA,NO,NA,NA,Shrubland,2,1,Carnivore,Invertivore,Insessorial,-35.96,-32.89,-34.55,141.35,102346.36,Pachycephala rufogularis
6162,Pardalotus punctatus,Pardalotidae,Passeriformes,AVIBASE-54C12F34,21,8,13,0,4,8,4.3,3.2,3.7,17.4,56.5,13.7,41.3,24.8,27.6,8.7,Dunning,NA,NO,NA,NA,Forest,2,1,Omnivore,Invertivore,Insessorial,-43.64,-15.23,-31.72,140.79,2170812.26,Pardalotus punctatus
6163,Pardalotus quadragintus,Pardalotidae,Passeriformes,AVIBASE-EAB686DF,11,5,5,1,4,7.6,4,3.1,3.9,17.4,57.8,14.7,42.6,25.7,32.3,10.7,Dunning,NA,NO,NA,NA,Forest,2,1,Carnivore,Invertivore,Insessorial,-43.45,-40.03,-42.62,147.54,473.96,Pardalotus quadragintus
6165,Pardalotus striatus,Pardalotidae,Passeriformes,AVIBASE-747BFF64,23,7,16,0,4,9,5.1,3.4,4,19.1,63.7,18.9,48.3,28,30.7,11.4,Dunning,NA,NO,NA,NA,Forest,2,1,Carnivore,Invertivore,Insessorial,-43.64,-10.91,-27.44,137.41,3215729.85,Pardalotus striatus
9910,Passer domesticus,Passeridae,Passeriformes,AVIBASE-240E3390,25,12,13,0,8,13.5,9.1,6.3,7.4,17.9,74.9,20.4,54.4,27.3,57.2,26.5,Dunning,NA,NO,NA,NA,Human Modified,3,1,Herbivore,Granivore,Terrestrial,5.91,71.19,46.32,61.68,34407867.59,Passer domesticus
9933,Passer montanus,Passeridae,Passeriformes,AVIBASE-C22FBF8D,50,13,17,20,8,13.2,8.2,5.5,6.5,16.4,67.9,16.7,51.2,24.6,51,21.4,Dunning,NA,NO,NA,NA,Woodland,2,1,Omnivore,Granivore,Terrestrial,-10.94,71.06,46.61,81.35,39069801.39,Passer montanus
7151,Drymodes brunneopygia,Petroicidae,Passeriformes,AVIBASE-0608D05C,7,3,3,1,4,16.5,8.8,3.4,3.9,35.5,91.9,12.3,78,13.6,100.7,33,Dunning,NA,NO,NA,NA,Shrubland,2,1,Carnivore,Invertivore,Generalist,-37.35,-25.52,-32.61,130.32,916861.69,Drymodes brunneopygia
7161,Eopsaltria australis,Petroicidae,Passeriformes,AVIBASE-FB313820,16,7,6,3,4,15.9,8,3.9,4.2,21.6,84.7,20,62.2,24.4,64.9,20.2,Dunning,NA,NO,NA,NA,Shrubland,2,1,Carnivore,Invertivore,Insessorial,-39.48,-14.52,-29.94,148.1,1174338.84,Eopsaltria australis
7166,Melanodryas cucullata,Petroicidae,Passeriformes,AVIBASE-547BFE9C,11,5,6,0,4,17.4,8.6,3.8,3.8,21.5,89.5,23.2,66.5,25.9,66.1,21.1,Dunning,NA,NO,NA,NA,Shrubland,2,1,Carnivore,Invertivore,Insessorial,-39.14,-11.12,-26.18,134.15,6352636.74,Melanodryas cucullata
7167,Melanodryas vittata,Petroicidae,Passeriformes,AVIBASE-F3FC656C,10,4,5,1,4,17.5,8.6,4.1,4.2,24.1,86,19.9,66.6,23,63.4,26.6,Dunning,NA,NO,NA,NA,Forest,2,1,Carnivore,Invertivore,Insessorial,-43.64,-39.44,-41.94,146.59,68050.36,Melanodryas vittata
7148,Microeca fascinans,Petroicidae,Passeriformes,AVIBASE-C5A5486E,11,4,4,3,4,12.5,6.6,4.2,3.2,16.5,84.3,25,59.2,29.8,56.5,14.5,Dunning,NA,NO,NA,NA,Forest,2,3,Carnivore,Invertivore,Insessorial,-39.14,-8.7,-26.27,137.17,5302401.74,Microeca fascinans
7130,Petroica boodang,Petroicidae,Passeriformes,AVIBASE-082099D1,8,3,5,0,4,12.8,7,3.3,3.1,18.3,73.8,20.4,54.9,27.1,54.2,12.5,Updated_literature,Dunning (2021),NO,NA,NA,Shrubland,1,1,Carnivore,Invertivore,Insessorial,-43.62,-27.17,-35.04,139.31,616459.04,Petroica boodang
7133,Petroica goodenovii,Petroicidae,Passeriformes,AVIBASE-A70DE4FC,14,7,7,0,4,11.8,6.7,2.9,2.8,16.8,61,15.5,46,25.1,45.8,8.9,Dunning,NA,NO,NA,NA,Woodland,2,1,Carnivore,Invertivore,Insessorial,-38.43,-15.05,-26.88,134.26,6551523.57,Petroica goodenovii
7129,Petroica phoenicea,Petroicidae,Passeriformes,AVIBASE-D3766504,11,5,6,0,4,13,6.8,3.4,3,18.8,77.6,21.7,56.5,27.7,54.7,13,Dunning,NA,NO,NA,NA,Shrubland,2,3,Carnivore,Invertivore,Insessorial,-43.64,-28.98,-37.96,147.06,218089.7,Petroica phoenicea
7128,Petroica rodinogaster,Petroicidae,Passeriformes,AVIBASE-517E978A,7,4,3,0,4,11.9,6,2.8,2.6,18.3,66.3,15.9,52.1,23.4,53,10.2,Dunning,NA,NO,NA,NA,Forest,1,2,Carnivore,Invertivore,Insessorial,-43.64,-37.01,-40.58,146.56,103769.56,Petroica rodinogaster
7127,Petroica rosea,Petroicidae,Passeriformes,AVIBASE-8CB75D93,9,4,5,0,4,11.7,6.5,3.3,2.8,14.2,64.5,16.6,48.1,25.6,57,8.2,Dunning,NA,NO,NA,NA,Forest,1,3,Carnivore,Invertivore,Insessorial,-39.14,-32.78,-36.83,147.47,139967.55,Petroica rosea
6237,Pomatostomus superciliosus,Pomatostomidae,Passeriformes,AVIBASE-F21DB41D,9,3,6,0,4,28,18.9,4,5.8,26.7,78.1,7.4,71.7,9.4,79.7,41.5,Dunning,NA,NO,NA,NA,Forest,2,1,Carnivore,Invertivore,Generalist,-38.5,-20.86,-28.83,133.1,4621673.34,Pomatostomus superciliosus
6235,Pomatostomus temporalis,Pomatostomidae,Passeriformes,AVIBASE-B783AA95,11,6,5,0,4,32.1,20.1,4.4,6.6,32.2,107.6,11.2,91,11,110.2,75,Dunning,NA,NO,NA,NA,Woodland,2,1,Carnivore,Invertivore,Generalist,-38.01,-7.34,-22.2,137.29,3774038.59,Pomatostomus temporalis
5925,Chlamydera maculata,Ptilonorhynchidae,Passeriformes,AVIBASE-2F763AC6,10,5,5,0,4,30.5,15.6,8,9.8,39.8,145.5,26.4,121.9,17.8,109.5,140,Dunning,NA,NO,NA,NA,Shrubland,2,1,Herbivore,Omnivore,Insessorial,-35.16,-17.83,-25.86,145.29,1784471.92,Chlamydera maculata
7887,Pycnonotus jocosus,Pycnonotidae,Passeriformes,AVIBASE-F9E37510,9,4,5,0,8,17.5,9.1,4.5,4.8,20.5,86.8,12.4,74.8,14.2,88.1,29.5,Dunning,NA,NO,NA,NA,Shrubland,2,1,Herbivore,Omnivore,Insessorial,2.54,30.91,20.23,93.52,5185044.87,Pycnonotus jocosus
6745,Rhipidura albiscapa,Rhipiduridae,Passeriformes,AVIBASE-A98285EB,21,8,12,1,3,11.8,5.4,3.2,2.6,16.9,73,16.1,58,21.8,82.6,8.6,Updated_literature,Dunning (2021),NO,NA,NA,Woodland,2,1,Carnivore,Invertivore,Insessorial,-43.64,-10.17,-32.52,143.71,1303298.07,Rhipidura albiscapa
6710,Rhipidura leucophrys,Rhipiduridae,Passeriformes,AVIBASE-F65B55BD,21,6,15,0,4,18.1,8.4,5.1,4.1,26.1,99,19.5,81,19.4,101.5,27.4,Dunning,NA,NO,NA,NA,Woodland,3,1,Carnivore,Invertivore,Insessorial,-39.24,2.65,-23.26,135.13,8395527.09,Rhipidura leucophrys
6727,Rhipidura rufifrons,Rhipiduridae,Passeriformes,AVIBASE-45842708,19,8,11,0,4,12.9,6,3.8,3.1,19,72.1,15.3,58.6,20.7,83.1,10.1,Dunning,NA,NO,NA,NA,Shrubland,2,1,Carnivore,Invertivore,Insessorial,-39.48,15.29,-26.84,148.17,843136.87,Rhipidura rufifrons
8702,Acridotheres tristis,Sturnidae,Passeriformes,AVIBASE-F23A2F38,12,2,9,1,10,26.8,16,6.4,8,38.6,139.8,32.8,106.3,23.6,84.8,116.4,Dunning,NA,NO,NA,NA,Human Modified,3,2,Carnivore,Omnivore,Terrestrial,0.81,48.29,27.06,81.59,8561587.67,Acridotheres tristis
8683,Sturnus vulgaris,Sturnidae,Passeriformes,AVIBASE-94A44032,28,11,17,0,10,30.2,18.5,6.6,6.5,29,128.3,49.2,79.1,38.4,65.8,77.1,Dunning,NA,NO,NA,NA,Human Modified,3,2,Omnivore,Omnivore,Insessorial,24.55,71.19,50.32,52.41,17082191.68,Sturnus vulgaris
8947,Turdus merula,Turdidae,Passeriformes,AVIBASE-88BB4F2A,56,27,26,3,6,28.5,15.5,5.3,7.5,33.6,128.4,29.8,98.6,23.1,106.3,102.7,Dunning,NA,NO,NA,NA,Forest,2,1,Omnivore,Omnivore,Generalist,27.38,71.09,49.18,28.15,10572243.36,Turdus merula
8216,Zosterops lateralis,Zosteropidae,Passeriformes,AVIBASE-EA151AD8,22,8,14,0,10,12.7,6.8,2.8,3.1,16.4,59,15.2,44.8,25.3,42.2,12.7,Dunning,NA,NO,NA,NA,Shrubland,2,1,Omnivore,Omnivore,Insessorial,-52.61,-11.74,-31.53,144.58,2701109.16,Zosterops lateralis
4096,Cacatua galerita,Cacatuidae,Psittaciformes,AVIBASE-3F907C52,5,2,3,0,4,49.3,40.2,22.4,44.3,28.5,347.3,93.2,266,25.9,198.4,720.4,Dunning,NA,NO,NA,NA,Forest,1,1,Herbivore,Omnivore,Insessorial,-43.64,0.04,-21,142.3,3905044.34,Cacatua galerita
4092,Cacatua sanguinea,Cacatuidae,Psittaciformes,AVIBASE-5F5EBCF5,4,0,1,3,4,34,29.6,15.9,30.8,24.2,256.2,95.8,160.5,37.4,121.8,523.7,Dunning,NA,NO,NA,NA,Woodland,2,1,Herbivore,Granivore,Terrestrial,-39.14,-7.71,-25.44,136.73,5297412.63,Cacatua sanguinea
4090,Cacatua tenuirostris,Cacatuidae,Psittaciformes,AVIBASE-F2A2FB6A,5,0,0,5,4,48.9,44.2,17.2,35.2,23.9,268,117.5,152.2,43.6,119.8,566.6,Dunning,NA,NO,NA,NA,Woodland,2,1,Herbivore,Granivore,Terrestrial,-39,-31.73,-35.63,143.99,381524.01,Cacatua tenuirostris
4087,Callocephalon fimbriatum,Cacatuidae,Psittaciformes,AVIBASE-49394DD2,5,2,3,0,4,32.5,25.3,20.3,39.6,18.2,252.6,96,159.2,37.6,135,256,Dunning,NA,NO,NA,NA,Woodland,2,2,Herbivore,Omnivore,Insessorial,-39.14,-31.14,-35.75,147.35,333455.71,Callocephalon fimbriatum
4081,Calyptorhynchus banksii,Cacatuidae,Psittaciformes,AVIBASE-122372C7,5,2,2,1,4,51.7,39,29.7,62.1,29.2,420.2,185.5,228.2,44.9,291,721.9,Dunning,NA,NO,NA,NA,Forest,2,1,Herbivore,Granivore,Insessorial,-38.43,-10.69,-22.18,136.11,2798975.2,Calyptorhynchus banksii
4082,Calyptorhynchus lathami,Cacatuidae,Psittaciformes,AVIBASE-D090A8A4,5,2,2,1,4,46.3,36.8,29.3,54.1,20.8,346.6,159.2,188.5,45.8,237.6,437,Dunning,NA,NO,NA,NA,Forest,2,1,Herbivore,Granivore,Insessorial,-37.64,-22.62,-29.86,149.61,769482.67,Calyptorhynchus lathami
4088,Eolophus roseicapilla,Cacatuidae,Psittaciformes,AVIBASE-155F5285,5,2,3,0,4,31.1,23.1,18.6,27.7,23,256.2,112.6,138.4,44.9,136.8,328,Updated_literature,BoW,NO,NA,NA,Woodland,3,1,Herbivore,Granivore,Terrestrial,-43.52,-11.09,-25.5,134.86,7009675.94,Eolophus roseicapilla
4080,Nymphicus hollandicus,Cacatuidae,Psittaciformes,AVIBASE-FDAEA60A,7,2,5,0,4,17.7,14.1,8.7,15.8,14.8,167.3,83.8,81.8,50.6,165.9,94.6,Dunning,NA,NO,NA,NA,Grassland,3,2,Herbivore,Granivore,Terrestrial,-37.68,-12.04,-25.22,134.6,6462401.72,Nymphicus hollandicus
4083,Zanda funerea,Cacatuidae,Psittaciformes,AVIBASE-E6DFA707,5,2,3,0,4,52.1,42.5,26.7,57.7,31.5,426.2,180.5,243.5,42.7,340.4,674.7,Dunning,NA,NO,NA,NA,Woodland,2,1,Herbivore,Granivore,Insessorial,-43.64,-19.76,-31.7,147.39,1045925.98,Zanda funerea
4443,Alisterus scapularis,Psittacidae,Psittaciformes,AVIBASE-29DB0309,5,2,3,0,4,26,20.3,13.5,20.2,21.2,210.2,99.5,113.2,46.8,204.4,232.3,Dunning,NA,NO,NA,NA,Forest,1,1,Herbivore,Frugivore,Insessorial,-39.48,-15,-29.51,149.3,811455.94,Alisterus scapularis
4445,Aprosmictus erythropterus,Psittacidae,Psittaciformes,AVIBASE-BB1F4BB8,5,2,3,0,4,23.6,17,12,17.1,20,190.2,87.2,104.5,45.5,140,136,Dunning,NA,NO,NA,NA,Forest,2,1,Herbivore,Omnivore,Insessorial,-32.8,-7.17,-21.4,141.37,2743055.21,Aprosmictus erythropterus
4314,Barnardius zonarius,Psittacidae,Psittaciformes,AVIBASE-0F0DAFFA,5,2,3,0,4,22.8,18.7,14.3,26.3,21.7,169.2,69,98.2,41.2,204.4,133,Updated_literature,Higgins (1999),NO,NA,NA,Forest,2,1,Herbivore,Omnivore,Insessorial,-38.86,-15.93,-27.28,133.19,5305452.04,Barnardius zonarius
4366,Glossopsitta concinna,Psittacidae,Psittaciformes,AVIBASE-BE39F927,5,2,3,0,4,17.8,13.2,8.9,15,14.8,124.6,65.5,57.2,53.4,90.8,70.5,Dunning,NA,NO,NA,NA,Woodland,2,1,Herbivore,Omnivore,Insessorial,-43.64,-26,-34.83,146.25,663167.13,Glossopsitta concinna
4368,Parvipsitta porphyrocephala,Psittacidae,Psittaciformes,AVIBASE-9689E669,5,2,3,0,4,15,11,7,11,12.3,103,55.2,46.8,54.2,59.4,44.7,Dunning,NA,NO,NA,NA,Woodland,2,1,Herbivore,Nectarivore,Insessorial,-38.86,-29.34,-33.42,130.5,937738.55,Glossopsitta porphyrocephala
4367,Parvipsitta pusilla,Psittacidae,Psittaciformes,AVIBASE-3AACCDB1,4,2,2,0,4,14.4,10.2,7.4,9.7,11.2,96.2,52.6,43.6,54.7,55.8,39.4,Dunning,NA,NO,NA,NA,Woodland,2,1,Herbivore,Omnivore,Insessorial,-39,-15.93,-31.2,148.58,776503.49,Glossopsitta pusilla
4315,Lathamus discolor,Psittacidae,Psittaciformes,AVIBASE-F5E8A0CE,5,0,1,4,4,15.8,11.7,8,13.7,14.3,123,64.8,57.6,53,119.8,64.7,Dunning,NA,NO,NA,NA,Forest,2,3,Herbivore,Nectarivore,Insessorial,-43.64,-40.99,-42.48,147.61,12318.07,Lathamus discolor
4403,Melopsittacus undulatus,Psittacidae,Psittaciformes,AVIBASE-D17D101A,5,2,2,1,4,12.7,11.2,7.3,11.1,12.4,95.4,48.4,46.9,50.9,93.2,29,Dunning,NA,NO,NA,NA,Woodland,3,2,Herbivore,Granivore,Generalist,-37.95,-13.96,-25.84,132.9,5879807.51,Melopsittacus undulatus
4331,Neophema chrysostoma,Psittacidae,Psittaciformes,AVIBASE-DEEC38A7,5,2,3,0,4,14.1,11.2,7.6,12,14.8,104.8,45.1,61,42.6,125.4,46.1,Dunning,NA,NO,NA,NA,Woodland,2,1,Herbivore,Granivore,Terrestrial,-43.64,-36.35,-39.43,145.17,171443.53,Neophema chrysostoma
4332,Neophema elegans,Psittacidae,Psittaciformes,AVIBASE-9E8F1FEB,5,2,3,0,4,13.3,10.5,7.3,12.1,15.4,108.4,47.2,60.8,43.8,120.2,43.4,Dunning,NA,NO,NA,NA,Woodland,2,1,Herbivore,Granivore,Terrestrial,-38.22,-21.79,-31.99,127.74,865735.95,Neophema elegans
4335,Neophema pulchella,Psittacidae,Psittaciformes,AVIBASE-6F2C5E7B,5,0,3,2,4,13.1,10.2,7.3,13,14,108.6,51.1,58.6,46.5,98.2,41.4,Dunning,NA,NO,NA,NA,Forest,2,1,Herbivore,Omnivore,Insessorial,-38.06,-25.76,-32.38,148.84,492396.14,Neophema pulchella
4302,Northiella haematogaster,Psittacidae,Psittaciformes,AVIBASE-15C4E8FA,5,2,3,0,4,18.3,14.8,9.9,18.4,20.8,128.6,44.4,83.9,34.6,166.9,85.9,Dunning,NA,NO,NA,NA,Woodland,2,2,Herbivore,Omnivore,Insessorial,-36.66,-24.98,-30.59,141.95,1732521.3,Northiella haematogaster
4311,Platycercus adscitus,Psittacidae,Psittaciformes,AVIBASE-CEF31CF5,5,2,1,2,4,19.2,15.5,10.8,20.4,16.2,141.8,56.2,85,39.8,149.6,111,Dunning,NA,NO,NA,NA,Woodland,2,1,Herbivore,Omnivore,Insessorial,-32.88,-10.02,-23.8,146.69,1465853.97,Platycercus adscitus
4308,Platycercus caledonicus,Psittacidae,Psittaciformes,AVIBASE-DCC3878A,5,2,3,0,4,19.8,16.5,12,23.2,20.6,175.2,75,100.2,42.8,179.2,132.6,Dunning,NA,NO,NA,NA,Woodland,2,1,Herbivore,Omnivore,Insessorial,-43.64,-39.44,-41.94,146.59,68050.36,Platycercus caledonicus
4309,Platycercus elegans,Psittacidae,Psittaciformes,AVIBASE-C343ED67,4,0,1,3,4,21,16.7,12.1,23.8,20.5,171,73,98,42.7,178.8,123.9,Dunning,NA,NO,NA,NA,Forest,1,1,Herbivore,Omnivore,Insessorial,-39.14,-15.97,-32.73,147.25,743635.36,Platycercus elegans
4312,Platycercus eximius,Psittacidae,Psittaciformes,AVIBASE-69F0C9FF,5,2,3,0,4,18.3,14.7,10.6,18.3,17.8,151.4,63,86.2,42.2,155.8,104,Dunning,NA,NO,NA,NA,Woodland,2,1,Herbivore,Omnivore,Insessorial,-43.52,-25,-33.61,147.21,1075798.21,Platycercus eximius
4439,Polytelis anthopeplus,Psittacidae,Psittaciformes,AVIBASE-6F2B75C0,4,2,2,0,4,22.9,17.8,11.7,18.3,20,191,99.9,91.1,52.3,209,170,Dunning,NA,NO,NA,NA,Shrubland,2,2,Herbivore,Omnivore,Insessorial,-36.8,-27.97,-32.6,124.94,387356.37,Polytelis anthopeplus
4438,Polytelis swainsonii,Psittacidae,Psittaciformes,AVIBASE-CF255B3F,4,2,2,0,4,20.6,15.4,11.1,16.4,18.3,184.2,95,89.2,51.6,211.8,153,Dunning,NA,NO,NA,NA,Forest,2,2,Herbivore,Omnivore,Insessorial,-36.27,-33.51,-34.97,146.62,81178.47,Polytelis swainsonii
4303,Psephotellus varius,Psittacidae,Psittaciformes,AVIBASE-E3EDF6CC,4,2,2,0,4,15.3,11.6,8.8,14.1,16.5,134,56.4,77.6,42.1,158.3,61.5,Dunning,NA,NO,NA,NA,Grassland,3,1,Herbivore,Granivore,Generalist,-36.86,-21.07,-28.79,131.89,3329382.06,Psephotellus varius
4301,Psephotus haematonotus,Psittacidae,Psittaciformes,AVIBASE-D50BD34B,5,0,5,0,4,15.5,12.1,8.2,14,15.8,128.6,56.9,71.1,44.5,151,61.4,Dunning,NA,NO,NA,NA,Woodland,2,1,Herbivore,Granivore,Terrestrial,-38.91,-25.23,-31.71,145.11,1548738.74,Psephotus haematonotus
4394,Trichoglossus moluccanus,Psittacidae,Psittaciformes,AVIBASE-DF6532E2,4,2,2,0,4,24,20.4,12,20.8,19,142.8,65.6,77.2,45.9,114.8,113.3,DataFromSplit,NA,NO,NA,NA,Forest,1,1,Herbivore,Omnivore,Insessorial,-39.14,-9.41,-26.88,146.33,1524656.11,Trichoglossus moluccanus
