"hex_id","mean_richness_difference","mean_replacement","replacement_ratio","pland_wet_dense_2500m","pland_sclerophyll_2500m","pland_mallee_arid_2500m","PLAND_habitat_2500m","area_mn_woodland_2500m","cohesion_woodland_2500m","pland_native_prod_2500m","pland_plantation_2500m","pland_agriculture_2500m","S_obs","sampling_units","chao2_estimate","chao2_se","chao2_completeness","sample_coverage","Q1","Q2","chao_status","n_checklists","n_miner_checklists","miner_detection_rate","x","y","log_effort","ibra_sub"
"hex_0499437",0.264880779248803,0.457226329097511,0.633183531657233,-0.554853965559743,0.509742782270452,-0.207403708136466,-0.00703709111884131,-0.444180963642316,0.434729915604637,-0.730971457481189,-0.274612784004078,1.32086592213841,43,9,49.4,4.914,0.870445344129555,0.9129,12,10,"ok",9,4,0.444444444444444,360101.263260396,-4000311.87674316,2.19722457733622,"Victorian Riverina"
"hex_0500996",0.278350985807651,0.514200171835733,0.648791143482377,-0.554853965559743,0.221436627542725,-0.207403708136466,-0.278601830540824,-0.460317844374907,0.32251043340452,-0.730971457481189,-0.274612784004078,1.57835266004872,25,6,27.963,2.886,0.894038550942317,0.8959,8,9,"ok",6,1,0.166666666666667,363560.088444359,-3997708.80705764,1.79175946922805,"Victorian Riverina"
"hex_0500997",0.266284806057884,0.45140059032291,0.628967222405907,-0.554853965559743,0.271028360183725,-0.207403708136466,-0.23188979983563,-0.46567042840115,0.190767146948688,-0.730971457481189,-0.274612784004078,1.40488559175467,28,14,39.236,9.077,0.713630339484147,0.8647,11,5,"ok",14,4,0.285714285714286,363037.012246948,-3993409.90911513,2.63905732961526,"Victorian Riverina"
"hex_0506691",0.244198560171295,0.461876626027809,0.654146520166148,-0.554853965559743,-0.126233773549547,-0.207403708136466,-0.606083642250752,-0.493485377523577,0.229898722079635,-0.730971457481189,-0.00936117754931956,1.2405891407076,32,6,41.074,6.461,0.779081657496226,0.8204,14,9,"ok",6,0,0,387360.453736791,-4079978.53372868,1.79175946922805,"Highlands-Northern Fall"
"hex_0508258",0.438511128558988,0.291684533763912,0.399460786765022,-0.554853965559743,0.401237827829361,-0.145859850014275,-0.0857846423404817,-0.466362021776962,0.47125581596098,-0.730971457481189,-0.274612784004078,1.48690871084341,68,48,79.394,7.46,0.856487895810766,0.9424,16,11,"ok",48,1,0.0208333333333333,386650.941451286,-4042917.38491925,3.87120101090789,"Inland Slopes"
"hex_0508265",0.318638944823701,0.454054977731289,0.587625920791393,-0.554853965559743,0.0234502003458035,-0.207403708136466,-0.465091545134664,-0.489995113062636,0.0354054789899115,-0.730971457481189,-0.274612784004078,1.75063835641748,22,9,25.63,3.654,0.858369098712446,0.8932,7,6,"ok",9,1,0.111111111111111,383006.82741803,-4012797.89727682,2.19722457733622,"Victorian Riverina"
"hex_0508789",0.476169356152931,0.351008436542826,0.424344608429218,-0.554853965559743,0.213369465832299,-0.207403708136466,-0.286200546807688,-0.471671599156307,0.314017855694158,-0.730971457481189,-0.274612784004078,1.35830932172937,14,6,16.083,2.534,0.870484362370205,0.8677,5,5,"ok",6,3,0.5,381903.172301971,-3993298.24266046,1.79175946922805,"Victorian Riverina"
"hex_0509284",0.370875849290742,0.408382914905688,0.524065860621807,-0.554853965559743,-0.350615671467948,-0.207403708136466,-0.817436090472906,-0.502793916425284,-1.13486261695368,-0.730971457481189,-0.274612784004078,1.50090731277027,18,7,20.204,2.477,0.890912690556325,0.892,6,7,"ok",7,0,0,395883.926765235,-4098621.99738444,1.94591014905531,"Central Victorian Uplands"
"hex_0511902",0.241073476824201,0.491043902914017,0.670717451195598,-0.554853965559743,-0.595435686171097,-0.207403708136466,-1.0480398511208,-0.50155971018,-0.616520479097479,-0.730971457481189,-0.274612784004078,1.37896146635854,35,10,44,7.589,0.795454545454545,0.9224,10,5,"ok",10,3,0.3,391424.767964336,-4009594.99468058,2.30258509299405,"Victorian Riverina"
"hex_0513449",0.278148825318156,0.423744616656039,0.603716449414579,-0.554853965559743,-0.833064668489884,-0.207403708136466,-1.27187014958756,-0.5107275519173,-3.33836314653436,-0.730971457481189,-0.274612784004078,1.73980205218219,44,7,49.61,4.355,0.886917960088692,0.9309,12,11,"ok",7,0,0,401111.976470452,-4058635.83399158,1.94591014905531,"Central Victorian Uplands"
"hex_0515004",0.25002995600871,0.44088184140484,0.638115954967472,-0.554853965559743,0.698830468393097,-0.207403708136466,0.171070616149134,-0.459281161140666,0.336690938301257,-0.730971457481189,-0.274612784004078,1.02961712592049,37,6,40.375,3.095,0.91640866873065,0.9395,9,10,"ok",6,0,0,406638.97970806,-4073261.92558893,1.79175946922805,"Central Victorian Uplands"
"hex_0515009",0.370692069937674,0.332705756795121,0.472997987981428,-0.554853965559743,1.77767640526294,-0.207403708136466,1.18726992691032,-0.336505194977398,0.512489212394784,-0.730971457481189,-0.274612784004078,-0.442756165414047,58,12,69.065,8.138,0.839788604937378,0.9425,13,7,"ok",12,5,0.416666666666667,404048.863192827,-4051726.11096558,2.484906649788,"Inland Slopes"
"hex_0515509",0.255510429950804,0.477824724406095,0.651577551638207,-0.554853965559743,2.43259287654618,-0.207403708136466,1.80415658697888,3.46091198571753,0.637532967243473,-0.730971457481189,-0.274612784004078,-1.24031946632745,28,7,30.571,2.843,0.915900690196591,0.9451,6,6,"ok",7,0,0,415374.677350706,-4135645.14783493,1.94591014905531,"Highlands-Northern Fall"
"hex_0515520",0.249010135265033,0.435638082446683,0.636294773252615,-0.554853965559743,0.590784304083267,-0.207403708136466,0.0692984965630872,-0.464032444090016,0.426947843627724,-0.730971457481189,-0.274612784004078,1.38481431286477,32,10,38.429,5.372,0.832704467979911,0.9117,10,7,"ok",10,0,0,409687.903585321,-4088195.08874386,2.30258509299405,"Central Victorian Uplands"
"hex_0515535",0.268634892831389,0.476230700235638,0.639351185862581,-0.554853965559743,-0.459338191946247,-0.207403708136466,-0.919845291451893,-0.502958264193696,-0.788757597202982,-0.730971457481189,-0.274612784004078,1.72039919385184,27,6,27.341,0.712,0.987527888519074,0.9853,3,11,"ok",6,2,0.333333333333333,401918.442961281,-4023599.70107388,1.79175946922805,"Victorian Riverina"
"hex_0516039",0.333285972835208,0.336266875954003,0.502226040202939,-0.554853965559743,-0.340101649429944,-0.207403708136466,-0.807532598618131,-0.500728110260336,-0.375552197267067,-0.730971457481189,-0.274612784004078,1.74320255197815,51,26,55.396,4.101,0.92064408982598,0.9752,8,7,"ok",26,0,0,411183.453281099,-4090200.31734628,3.25809653802148,"Central Victorian Uplands"
"hex_0516561",0.287740246749395,0.463793210274616,0.617129158974752,-0.554853965559743,1.4304363530463,-0.207403708136466,0.860193474497636,-0.30168143440709,0.503610496956162,-0.730971457481189,-0.274612784004078,0.128414026622269,24,8,33,6.897,0.727272727272727,0.7901,12,7,"ok",8,0,0,411127.432532112,-4079275.18733934,2.07944154167984,"Central Victorian Uplands"
"hex_0518124",0.246613842224812,0.452347437610257,0.647170953041913,-0.554853965559743,0.229321568469241,-0.207403708136466,-0.271174753827566,-0.487859227638122,0.246806023331636,-0.730971457481189,-0.274612784004078,1.42804584790474,36,11,45.602,7.035,0.789439059690365,0.8957,13,8,"ok",11,1,0.0909090909090909,412513.049746056,-4059439.16885845,2.39789527279837,"Central Victorian Uplands"
"hex_0519151",0.243074459626076,0.477496594808623,0.662664135438007,-0.554853965559743,0.0920981610545419,-0.207403708136466,-0.400429846950229,-0.486600053144067,0.218798082742617,-0.730971457481189,-0.274612784004078,1.57559248627922,36,9,45.679,6.845,0.788108321110357,0.8703,14,9,"ok",9,0,0,421184.844132408,-4110861.38195792,2.19722457733622,"Central Victorian Uplands"
"hex_0519671",0.462617275418408,0.2140818796934,0.316361972785422,-0.554853965559743,-0.187991456174545,-0.207403708136466,-0.664255168298129,-0.487907189531677,0.266024073339143,-0.730971457481189,-0.274612784004078,1.50355934036768,69,63,72.543,3.798,0.951160001654191,0.9959,6,5,"ok",63,15,0.238095238095238,422163.088026522,-4108554.87491669,4.14313472639153,"Central Victorian Uplands"
"hex_0520713",0.329579736904775,0.464740016055386,0.58507926351253,-0.554853965559743,-0.922182580545039,-0.207403708136466,-1.35581314618416,-0.511190201591897,-3.87338857404835,-0.730971457481189,-0.274612784004078,1.76367994035647,20,6,23.333,3.206,0.857155102215746,0.8606,8,8,"ok",6,0,0,423088.968959456,-4095318.29234586,1.79175946922805,"Central Victorian Uplands"
"hex_0520718",0.299142602217309,0.376547042739489,0.557278101788232,-0.554853965559743,1.30973791616989,-0.207403708136466,0.746503776856814,-0.384765626849204,0.538075138393521,-0.730971457481189,0.812015670778218,0.160429773870179,48,8,57,6.897,0.842105263157895,0.9459,12,7,"ok",8,1,0.125,420509.815903815,-4073767.79006355,2.07944154167984,"Central Victorian Uplands"
"hex_0520727",0.482189339364236,0.330981335759192,0.407025666178818,-0.554853965559743,-0.230592048287877,-0.207403708136466,-0.704382021321453,-0.49825668099089,-0.684641175521134,-0.730971457481189,-0.274612784004078,-0.769573123586646,14,6,15.736,2.156,0.889679715302491,0.8749,5,6,"ok",6,2,0.333333333333333,415862.264519147,-4035011.64498026,1.79175946922805,"Victorian Riverina"
"hex_0521240",0.256140442584706,0.453235705078309,0.638921546166246,-0.554853965559743,-0.0442105636725112,-0.207403708136466,-0.528823371349329,-0.498151127788858,0.0462728461194176,-0.730971457481189,-0.274612784004078,1.36189109896237,40,6,41.5,1.796,0.963855421686747,0.971,6,10,"ok",6,0,0,420457.35804668,-4062848.20742943,1.79175946922805,"Central Victorian Uplands"
"hex_0521247",0.337344865473078,0.385606693052264,0.533378327365135,-0.554853965559743,0.0862121409046725,-0.207403708136466,-0.405974076589522,-0.486958718616277,0.26497179756718,-0.730971457481189,-0.274612784004078,-0.164224056128494,54,32,64.549,7.396,0.836573765666393,0.9561,14,9,"ok",32,23,0.71875,416842.868756182,-4032710.30800092,3.46573590279973,"Victorian Riverina"
"hex_0521748",0.24526926717641,0.477558268397114,0.660680791605701,-0.554853965559743,-0.868632280202447,-0.207403708136466,-1.30537241462143,-0.510059236456308,-2.69227096562317,-0.730971457481189,-0.274612784004078,1.71661260382373,31,9,34.6,3.264,0.895953757225433,0.9217,9,10,"ok",9,0,0,427622.795108334,-4112269.64537639,2.19722457733622,"Central Victorian Uplands"
"hex_0521765",0.239774039128107,0.49878548859385,0.675349067843352,-0.554853965559743,-0.978843199683668,-0.207403708136466,-1.40918358597377,-0.509973086416414,-3.04923920996516,-0.730971457481189,-0.274612784004078,-0.326241832786424,35,17,43.134,6.454,0.811424862057773,0.9185,11,7,"ok",17,7,0.411764705882353,418856.478100828,-4039016.75149227,2.83321334405622,"Victorian Riverina"
"hex_0522805",0.242927764040313,0.479289507048218,0.663636174645657,-0.554853965559743,-0.948063185896805,-0.207403708136466,-1.38019091174062,-0.509973086416414,-3.35451397698693,-0.730971457481189,-0.274612784004078,-0.979096535273969,36,28,49.58,10.053,0.72609923356192,0.9102,13,6,"ok",28,4,0.142857142857143,420817.932485559,-4034413.91180209,3.3322045101752,"Victorian Riverina"
"hex_0523325",0.243001579504267,0.537859555258352,0.688803080744774,-0.554853965559743,-0.329445037778216,-0.207403708136466,-0.797494797069788,-0.504331854174495,-1.2644919810914,-0.730971457481189,-0.274612784004078,-0.787759513121367,30,26,37.692,7.216,0.795924864692773,0.9563,8,4,"ok",26,2,0.0769230769230769,421798.872186486,-4032112.77146883,3.25809653802148,"Victorian Riverina"
"hex_0523846",0.344928351542502,0.456879299220015,0.569811598561729,-0.554853965559743,-0.702786425978635,-0.207403708136466,-1.14915692824363,-0.508148821536563,-1.86978324153815,-0.730971457481189,-0.274612784004078,1.71063695241555,20,11,27.424,7.569,0.72928821470245,0.8943,7,3,"ok",11,1,0.0909090909090909,422264.018491445,-4025508.84865097,2.39789527279837,"Victorian Riverina"
"hex_0525928",0.315795568843163,0.425511886425416,0.574001898134494,-0.554853965559743,2.08165455679417,-0.207403708136466,1.47359661871651,0.671105671617693,0.623581550292916,-0.730971457481189,-0.274612784004078,-0.6259043017313,52,17,59.23,5.298,0.87793347965558,0.9232,13,11,"ok",17,3,0.176470588235294,425158.98994179,-4007705.73458847,2.83321334405622,"Inland Slopes"
"hex_0526422",0.286040135210815,0.471318722316112,0.622318888373673,-0.554853965559743,2.37589656246917,-0.207403708136466,1.75075252499119,3.38670808468921,0.636240747500184,-0.730971457481189,-0.274612784004078,-0.895385255819866,24,8,31.292,6.117,0.766969193404065,0.8419,10,6,"ok",8,0,0,439517.471394735,-4117396.38712765,2.07944154167984,"Highlands-Northern Fall"
"hex_0526444",0.292051390191416,0.427302249325394,0.59400860140558,-0.554853965559743,2.31229099516413,-0.207403708136466,1.69084041757437,1.40370646641922,0.632256759634355,-0.730971457481189,-0.274612784004078,-0.953615169719714,47,12,56.026,5.971,0.838896226751865,0.8848,16,13,"ok",12,0,0,428202.748184811,-4022611.94687665,2.484906649788,"Inland Slopes"
"hex_0526962",0.545708876255255,0.151094313597355,0.216839296658953,-0.554853965559743,1.37110568788103,-0.207403708136466,0.804308033409647,-0.367577650301819,0.536780854970115,-0.730971457481189,-0.274612784004078,0.359219025770114,82,37,89.005,5.317,0.921296556373237,0.9832,12,10,"ok",37,1,0.027027027027027,430214.678918677,-4028917.13382396,3.61091791264422,"Inland Slopes"
"hex_0526965",0.451742217692591,0.254983607044422,0.360795655287263,-0.554853965559743,2.1119385742347,-0.207403708136466,1.50212209821123,-0.0659701391449812,0.6135300164103,-0.730971457481189,-0.274612784004078,-0.513846519638477,68,24,77.392,6.589,0.878643787471573,0.9609,14,10,"ok",24,0,0,428669.370270946,-4016009.95497283,3.17805383034795,"Inland Slopes"
"hex_0527461",0.244478075380895,0.447755913326279,0.646827403205836,-0.554853965559743,2.41490142340176,-0.207403708136466,1.78749244441939,3.43552644062889,0.637133343844389,-0.730971457481189,-0.274612784004078,-1.14045291453838,34,6,38.63,3.948,0.880144965053067,0.9145,10,9,"ok",6,0,0,441989.208617068,-4117098.10161027,1.79175946922805,"Highlands-Northern Fall"
"hex_0527482",0.363649812831187,0.347043331262221,0.48831670059928,-0.554853965559743,1.07005525192527,-0.207403708136466,0.520739050047469,-0.430281328823839,0.492810060992158,-0.730971457481189,-0.274612784004078,0.854506812957674,56,19,60.547,3.58,0.924901316332766,0.9445,12,15,"ok",19,0,0,431196.401211665,-4026616.65482431,2.94443897916644,"Inland Slopes"
"hex_0527483",0.353635803115327,0.355520939067147,0.501329139130806,-0.554853965559743,1.15595221902404,-0.207403708136466,0.601648136117262,-0.365183586035302,0.451307540163408,-0.730971457481189,-0.274612784004078,0.42053761511456,55,10,62.2,4.837,0.884244372990354,0.9177,16,16,"ok",10,0,0,430681.489915491,-4022314.00908426,2.30258509299405,"Inland Slopes"
"hex_0528001",0.25560147696562,0.495126033460688,0.659528293001446,-0.554853965559743,0.43741055105253,-0.207403708136466,-0.0751691209086874,-0.475843631352803,0.0961687621396317,-0.730971457481189,-0.274612784004078,1.29068090694226,42,17,51.626,6.539,0.813543563320807,0.8598,15,11,"ok",17,1,0.0588235294117647,432692.98083168,-4028619.25978964,2.83321334405622,"Inland Slopes"
"hex_0530585",0.244732091899832,0.463028455680448,0.654216256138418,-0.554853965559743,2.42369022203069,-0.207403708136466,1.79577089345823,3.41990456672821,0.637331579544911,-0.730971457481189,-0.274612784004078,-1.24031946632745,32,8,41.333,6.194,0.774199791933806,0.7514,16,12,"ok",8,0,0,445818.470382548,-4086016.78146516,2.07944154167984,"Highlands-Northern Fall"
"hex_0532667",0.253470694835391,0.435121504261974,0.631900136005533,-0.554853965559743,0.194465531350458,-0.207403708136466,-0.304006764113245,-0.481745228159735,-0.0316118428395035,-0.730971457481189,-0.274612784004078,1.14015717281582,38,12,47.429,7.195,0.801197579539944,0.8936,12,7,"ok",12,0,0,448717.998147366,-4068184.65706133,2.484906649788,"Victorian Riverina"
"hex_0532673",0.309619157286503,0.366643185520868,0.542161173722642,-0.554853965559743,-0.674433549361962,-0.207403708136466,-1.12245045172896,-0.504527962100065,-0.717028600100177,-0.730971457481189,-0.274612784004078,1.71811830830411,48,26,65.308,13.858,0.734978869357506,0.9612,12,4,"ok",26,0,0,445641.756140017,-4042345.10572795,3.25809653802148,"Victorian Riverina"
"hex_0533192",0.246948795665754,0.462403153225921,0.651867037157509,-0.554853965559743,-0.515645291928812,-0.207403708136466,-0.972882740301409,-0.501443690642802,-0.303248316583049,-0.730971457481189,-0.274612784004078,1.75062748071278,31,7,37.122,5.145,0.835084316577771,0.8947,10,7,"ok",7,0,0,447136.862135807,-4044349.15390631,1.94591014905531,"Victorian Riverina"
"hex_0535242",0.296324799376026,0.47012988108903,0.613382490930543,-0.554853965559743,1.36253809559706,-0.207403708136466,0.796237945664669,0.174460263857985,0.599714282595961,-0.730971457481189,-0.274612784004078,0.932216217418678,23,6,29.302,5.07,0.784929356357928,0.787,11,8,"ok",6,0,0,466390.972483889,-4164523.12358737,1.79175946922805,"Highlands-Southern Fall"
"hex_0535274",0.261636785638398,0.423520651699135,0.618136253975294,-0.554853965559743,-0.319798626287359,-0.207403708136466,-0.78840853519187,-0.503013341313218,-0.700556312745755,-0.730971457481189,-0.274612784004078,1.493326863636,41,13,46.908,5.508,0.87405133452716,0.9576,8,5,"ok",13,2,0.153846153846154,450041.972018142,-4026539.07985929,2.56494935746154,"Victorian Riverina"
"hex_0535764",0.294637307890786,0.48316025418301,0.621190239906111,-0.554853965559743,2.28473561492478,-0.207403708136466,1.66488512826935,1.37539181997425,0.632222416366011,-0.730971457481189,-0.274612784004078,-1.24031946632745,23,8,28.882,4.723,0.796343743508067,0.7771,11,9,"ok",8,0,0,466352.33246612,-4153573.0524049,2.07944154167984,"Highlands-Southern Fall"
"hex_0537865",0.327078002609765,0.359280728325626,0.523459106925015,-0.554853965559743,0.551910397686222,-0.207403708136466,0.0326819273781601,-0.467549935104828,0.383787428008943,-0.730971457481189,-0.274612784004078,1.17879659732614,52,7,59,5.008,0.88135593220339,0.9244,14,12,"ok",7,5,0.714285714285714,459563.039509723,-4053779.28107214,1.94591014905531,"Central Victorian Uplands"
"hex_0537869",0.243418028245445,0.473142386971523,0.660296573636795,-0.554853965559743,-0.0531313288433873,-0.207403708136466,-0.537226123872463,-0.495039471304373,-0.267101837989434,-0.730971457481189,-0.274612784004078,1.61842300546986,32,10,33.8,2.078,0.946745562130178,0.9605,6,9,"ok",10,0,0,457517.6242801,-4036557.50179494,2.30258509299405,"Central Victorian Uplands"
"hex_0538904",0.241119549079704,0.477658867076705,0.66454258550352,-0.554853965559743,1.08384071744852,-0.207403708136466,0.533724018599974,-0.377078673025049,0.538397987183605,-0.730971457481189,2.03422625197715,0.396951688851064,34,7,41.408,5.933,0.821097372488408,0.9055,11,7,"ok",7,0,0,462039.692611386,-4053483.19029422,1.94591014905531,"Central Victorian Uplands"
"hex_0538912",0.259376704900545,0.434946185295032,0.626432156330776,-0.554853965559743,1.76522416843254,-0.207403708136466,1.17554076887947,2.69934563305853,0.61998434253098,-0.730971457481189,-0.274612784004078,-0.303287577210023,40,14,49.905,6.527,0.801522893497645,0.8388,16,12,"ok",14,0,0,457949.710752174,-4019048.27187773,2.63905732961526,"Inland Slopes"
"hex_0538940",0.289450591198146,0.495974544120558,0.631472716899116,-0.554853965559743,-1.07911878178684,-0.0499268900673405,-1.44361591066168,-0.494351212515715,-1.14826776930718,-0.492653398351551,-0.274612784004078,1.5565507761983,24,7,32.571,7.256,0.736851800681588,0.8522,10,5,"ok",7,5,0.714285714285714,443588.626547517,-3898780.69428645,1.94591014905531,"Lower Slopes"
"hex_0539959",0.248645618797009,0.471795626276715,0.65487037215427,-0.554853965559743,0.253891761395997,-0.207403708136466,-0.248031307424199,-0.484353213219268,0.183703380344198,-0.640115020017156,-0.274612784004078,1.48814422752708,31,19,33.132,2.393,0.935651334057709,0.9613,6,8,"ok",19,1,0.0526315789473684,456334.969381538,-3984351.11671938,2.94443897916644,"Victorian Riverina"
"hex_0540475",0.31744169032659,0.389421600237653,0.550915014877634,-0.554853965559743,0.290653963835255,-0.207403708136466,-0.21340381937968,-0.485918951035224,0.335508110674507,-0.730971457481189,-0.274612784004078,1.21534647155442,51,33,70.006,13.945,0.728508984944148,0.9581,14,5,"ok",33,3,0.0909090909090909,459367.026415022,-3999249.83005317,3.49650756146648,"Inland Slopes"
"hex_0541499",0.277822408192344,0.468483509769414,0.627736560161405,-0.554853965559743,1.120536361977,-0.207403708136466,0.568288813630827,-0.355288638596102,0.52793247270263,-0.730971457481189,2.95725139908533,-0.699079693836878,25,10,29.114,3.872,0.858693412104142,0.9107,8,7,"ok",10,0,0,469506.305218185,-4063511.70616965,2.30258509299405,"Central Victorian Uplands"
"hex_0541514",0.311536660928385,0.41550981642289,0.571503788776539,-0.554853965559743,1.30415481514973,-0.207403708136466,0.741244876382982,-0.346675685798173,0.564624612960278,-0.730971457481189,-0.274612784004078,0.250689457617815,51,14,58.133,5.236,0.87729860836358,0.9343,13,11,"ok",14,4,0.285714285714286,461847.532926918,-3998954.29648265,2.63905732961526,"Inland Slopes"
"hex_0542510",0.246647443819509,0.45599539354516,0.648971809426558,-0.554853965559743,2.16886049897984,-0.207403708136466,1.55573867006489,3.16214364736662,0.631248323618386,-0.730971457481189,-0.274612784004078,-1.01690638970144,37,8,51.049,9.078,0.724793825540167,0.8154,17,9,"ok",8,0,0,486200.473071649,-4184064.2027327,2.07944154167984,"Highlands-Southern Fall"
"hex_0542554",0.238943894260078,0.507954190415741,0.680085008701304,-0.554853965559743,0.322615681165124,-0.207403708136466,-0.183298060984193,-0.475707249913988,0.288820385943183,-0.730971457481189,-0.274612784004078,0.915613122387032,34,13,40.593,5.495,0.837582834478851,0.9186,10,7,"ok",13,9,0.692307692307692,463816.970370638,-3994359.31072329,2.56494935746154,"Inland Slopes"
"hex_0543585",0.239918846469165,0.496345974446864,0.674140554249667,-0.554853965559743,0.343518279260762,-0.207403708136466,-0.163609238834541,-0.468585969103105,0.475013658010799,-0.730971457481189,-0.156544498861987,1.30914511972673,33,7,45.623,7.907,0.72331937838371,0.7231,18,11,"ok",7,0,0,470381.488095076,-4028475.52984957,1.94591014905531,"Inland Slopes"
"hex_0543591",0.481950846218365,0.223818652336092,0.317127125491415,-0.554853965559743,1.7712176210717,-0.207403708136466,1.18118619259832,-0.11185939372829,0.603325651199508,-0.730971457481189,-0.274612784004078,-0.0831642802488385,73,47,88.729,10.819,0.82272988538133,0.9736,15,7,"ok",47,6,0.127659574468085,467319.360275034,-4002663.87154053,3.85014760171006,"Inland Slopes"
"hex_0543593",0.337268481861693,0.374798238135106,0.526352696467532,-0.554853965559743,0.319503620404975,-0.207403708136466,-0.186229410022487,-0.471740605554178,0.367040564136775,-0.730971457481189,-0.274612784004078,1.05121425409384,54,13,57.49,2.947,0.939293790224387,0.9546,11,16,"ok",13,11,0.846153846153846,466297.835521679,-3994064.12847563,2.56494935746154,"Inland Slopes"
"hex_0544101",0.262581477271089,0.518118908332526,0.663659091101808,-0.554853965559743,1.0989546821014,-0.207403708136466,0.547960342748056,-0.444891243897966,0.45216136221511,-0.730971457481189,-0.274612784004078,-0.00516459819111403,26,8,34.215,6.04,0.759900628379366,0.7641,13,9,"ok",8,0,0,473404.710100756,-4043393.55024892,2.07944154167984,"Inland Slopes"
"hex_0544111",0.439831877353105,0.284355698408301,0.392654759520462,-0.554853965559743,2.16886049897984,-0.207403708136466,1.55573867006489,1.32364436267809,0.629810871515887,-0.730971457481189,-0.274612784004078,-0.684880179344492,68,44,78.994,7.437,0.860824872775148,0.9611,15,10,"ok",44,6,0.136363636363636,468304.243959373,-4000366.21111422,3.78418963391826,"Inland Slopes"
"hex_0544112",0.38427010698249,0.325188905740486,0.45836179385808,-0.554853965559743,1.12519711401828,-0.207403708136466,0.572678924257487,-0.395180209449673,0.568735525793304,-0.730971457481189,-0.274612784004078,0.497479596672144,60,9,74.341,8.09,0.807091645256319,0.8721,22,15,"ok",9,6,0.666666666666667,467793.627020554,-3996066.34372256,2.19722457733622,"Inland Slopes"
"hex_0545150",0.450503658819055,0.264718963709378,0.370121071916814,-0.554853965559743,0.864358738802706,-0.207403708136466,0.326986960228603,-0.449036291531703,0.432970341869635,-0.730971457481189,-0.274612784004078,0.610581295288872,69,23,77.609,6.525,0.889072143694675,0.9711,12,8,"ok",23,5,0.217391304347826,470784.724935615,-4000071.27441084,3.13549421592915,"Inland Slopes"
"hex_0546180",0.257718009631561,0.463441883268292,0.64263402309403,-0.554853965559743,1.2360761096635,-0.207403708136466,0.677119377803137,-0.185819202976911,0.578416068610664,-0.730971457481189,3.81566109256445,-0.54247176031187,28,7,38.371,8.426,0.729717755596675,0.8691,11,5,"ok",7,0,0,477850.777424347,-4038498.60782643,1.94591014905531,"Inland Slopes"
"hex_0546693",0.239211029282604,0.485443438066542,0.669896426420083,-0.554853965559743,1.88596988929472,-0.207403708136466,1.28927500481079,1.15766195248319,0.62231335872899,-0.730971457481189,-0.274612784004078,-1.24031946632745,34,22,40.109,5.677,0.847690044628388,0.9519,8,5,"ok",22,0,0,482394.878755127,-4066344.19928352,3.09104245335832,"Victorian Alps"
"hex_0547213",0.246308017184569,0.506600634403003,0.67285803308913,-0.554853965559743,1.69605457740765,-0.207403708136466,1.1103877305049,2.60170892117906,0.617751467332579,-0.730971457481189,-0.274612784004078,-1.24031946632745,29,29,38.655,8.099,0.750226361402147,0.8808,10,5,"ok",29,0,0,483378.826470287,-4064042.75468834,3.36729582998647,"Victorian Alps"
"hex_0549858",0.306552366674663,0.46469413821294,0.602523493160804,-0.554853965559743,-0.824069156055951,-0.203027198284772,-1.26172893500429,-0.472979621137676,-0.219650364700162,-0.00102196743056329,-0.274612784004078,1.18254180779988,22,6,23.157,1.542,0.95003670596364,0.9471,5,9,"ok",6,0,0,465353.43742777,-3859248.51277564,1.79175946922805,"Lower Slopes"
"hex_0550351",0.280766823427559,0.442338768617842,0.611720851676209,-0.554853965559743,-0.943402961564672,-0.207403708136466,-1.37580129818,-0.501402752818114,-1.23852856657646,-0.272280381920174,-0.274612784004078,1.0926488090331,46,8,64.667,12.8,0.711336539502374,0.8975,16,6,"ok",8,5,0.625,480132.798140442,-3972807.76406483,2.07944154167984,"Inland Slopes"
"hex_0550870",0.244792836986517,0.475580221698383,0.660186018847781,-0.554853965559743,-0.377863320452572,-0.207403708136466,-0.843101517918807,-0.466904447954071,0.0202149322977363,0.177574348976745,-0.274612784004078,0.800565789212335,37,6,43.944,5.854,0.841980702712543,0.9407,10,6,"ok",6,6,1,481628.647803585,-3974809.39154004,1.79175946922805,"Inland Slopes"
"hex_0550871",0.256607325990973,0.436230887721317,0.629628792245671,-0.554853965559743,-0.96072786197681,-0.207403708136466,-1.3921201730593,-0.506217828267208,-2.01667988258233,-0.126987321952398,-0.274612784004078,1.06915174268998,40,7,50.347,7.654,0.794486265318688,0.9184,13,7,"ok",7,1,0.142857142857143,481119.325453791,-3970512.33322399,1.94591014905531,"Inland Slopes"
"hex_0550896",0.348045573945709,0.447661127621876,0.562595648295985,-0.554853965559743,-0.980178892786478,-0.194293543669223,-1.40544493287186,-0.497443041725229,-1.14690842976932,-0.348634945154174,-0.274612784004078,1.41983221805588,19,8,24.6,5.249,0.772357723577236,0.8214,8,5,"ok",8,0,0,468354.555121976,-3863239.74328598,2.07944154167984,"Lower Slopes"
"hex_0551905",0.321804107134072,0.355730203649849,0.525036441679627,-0.554853965559743,0.291716433534021,-0.207403708136466,-0.21240304536859,-0.438977248778416,0.233189476538336,0.82595256617342,0.181873573227498,-0.0483284196839337,51,44,66.962,11.455,0.761625996834025,0.9575,14,6,"ok",44,2,0.0454545454545455,486146.023977553,-3991708.81302212,3.78418963391826,"Inland Slopes"
"hex_0552938",0.367110069298083,0.319150016846937,0.465056941661465,-0.554853965559743,0.234233058174403,-0.207403708136466,-0.266548465418234,-0.486806557506855,0.403519138883305,-0.730971457481189,-0.274612784004078,1.41711956527384,56,10,67.25,7.685,0.83271375464684,0.9212,15,9,"ok",10,0,0,491674.760188756,-4017220.31152747,2.30258509299405,"Inland Slopes"
"hex_0553457",0.316132709850798,0.357522755288403,0.530720485158576,-0.554853965559743,0.323465915790804,-0.207403708136466,-0.182497197940571,-0.485031344563594,0.287689024849093,-0.730971457481189,-0.274612784004078,1.53657594362035,49,30,68.494,16.863,0.715391129149999,0.9607,11,3,"ok",30,0,0,493168.194297805,-4019224.81824616,3.40119738166216,"Inland Slopes"
"hex_0553458",0.254522458305895,0.456700265499911,0.642133961997269,-0.554853965559743,-0.299169701998974,-0.207403708136466,-0.768977495108034,-0.500898615547626,-0.257114194165768,-0.730971457481189,-0.274612784004078,1.48535162938343,30,7,38.048,5.931,0.788477712363331,0.821,13,9,"ok",7,1,0.142857142857143,492660.763986046,-4014922.40084781,1.94591014905531,"Inland Slopes"
"hex_0553966",0.252141974295644,0.473466904858871,0.652509800335627,-0.554853965559743,1.50407506968963,-0.207403708136466,0.929556124474707,0.461512196783312,0.605549975823121,-0.730971457481189,1.96373662856994,-0.689960423907281,29,7,37.036,5.535,0.783021924613889,0.7368,15,12,"ok",7,0,0,499726.956176592,-4064285.83817656,1.94591014905531,"Highlands-Northern Fall"
"hex_0555036",0.25204216373888,0.541495987276542,0.682381794225818,-0.554853965559743,-1.01347996344719,-0.207403708136466,-1.44180905571008,-0.507938988252261,-2.22447349656895,-0.56073901752743,-0.274612784004078,1.62614588237792,28,9,33.444,5.458,0.837220428178447,0.9518,7,4,"ok",9,9,1,486471.175500785,-3930686.67989832,2.19722457733622,"Lower Slopes"
"hex_0556041",0.250681769313705,0.442911899350485,0.638575464801316,-0.554853965559743,2.08751154602861,-0.207403708136466,1.47911350321296,1.26994417114447,0.626207056363386,-0.730971457481189,-0.274612784004078,-0.721351663563025,38,13,52.835,10.245,0.719220213873379,0.855,15,7,"ok",13,0,0,506194.655403728,-4076626.97992341,2.56494935746154,"Highlands-Northern Fall"
"hex_0556059",0.259395968738345,0.42985964120478,0.623657805614742,-0.554853965559743,-0.0830826920111643,-0.207403708136466,-0.565438265724488,-0.496083476758736,0.112629820665376,-0.730971457481189,-0.274612784004078,1.08644599024097,40,13,45.077,4.098,0.887370499367749,0.9367,11,11,"ok",13,0,0,497085.58025411,-3999134.87701476,2.56494935746154,"Victorian Riverina"
"hex_0556066",0.292326119442955,0.4025103953122,0.579287914156377,-0.554853965559743,-0.730059729949884,-0.207403708136466,-1.17484652093763,-0.497838237939979,-0.637582080749343,-0.0901107216036499,-0.274612784004078,1.0860661854996,47,10,54.5,6.275,0.862385321100917,0.964,10,6,"ok",10,9,0.9,493532.541079003,-3969045.00336677,2.30258509299405,"Lower Slopes"
"hex_0557623",0.242736091304308,0.498051939115559,0.672327195720577,-0.554853965559743,-1.10389900518233,-0.207403708136466,-1.52697762774691,-0.51070536175551,-3.53390125887947,-0.271191369572798,-0.274612784004078,1.28000837583351,32,15,39.467,7.02,0.810803962804368,0.9512,8,4,"ok",15,2,0.133333333333333,498017.892914404,-3975051.37000369,2.70805020110221,"Lower Slopes"
"hex_0558657",0.250235634111589,0.443187116159303,0.639129760288608,-0.554853965559743,-0.25757462120074,-0.207403708136466,-0.729797765182129,-0.497343305299115,-0.219110852259996,-0.505821103597389,-0.274612784004078,0.792347532970198,37,18,50.432,8.865,0.73366116751269,0.842,16,9,"ok",18,0,0,503034.329446588,-3996252.66737315,2.89037175789616,"Inland Slopes"
"hex_0558677",0.328451242327308,0.473345108351133,0.590355777936145,-0.554853965559743,-1.10893768562123,-0.207403708136466,-1.53172372115485,-0.508801445873862,-3.08873187920767,-0.484544810272334,-0.274612784004078,1.57750762656608,21,7,28.714,8.783,0.731350560702097,0.9316,6,2,"ok",7,6,0.857142857142857,492881.108431307,-3910350.2016302,1.94591014905531,"Lower Slopes"
"hex_0561231",0.298216449349058,0.453746852805881,0.603416219256386,-0.554853965559743,2.22594899283434,-0.207403708136466,1.60951213866195,3.20119833211833,0.632654713083439,-0.683223719260208,-0.274612784004078,-1.23173932323693,23,13,30.477,6.596,0.754667454145749,0.8385,9,5,"ok",13,0,0,521086.576111964,-4096721.34321584,2.56494935746154,"Victorian Alps"
"hex_0561750",0.382032388664664,0.43733912316691,0.533749485858141,-0.554853965559743,2.09429200495733,-0.207403708136466,1.48550023319407,3.0586487327745,0.62930955290211,-0.363271928881948,-0.274612784004078,-1.23174364790583,17,10,23.075,5.351,0.736728060671723,0.7097,9,6,"ok",10,0,0,522574.757039298,-4098731.82717581,2.30258509299405,"Victorian Alps"
"hex_0563832",0.279230204635371,0.504989834723665,0.643938957663473,-0.554853965559743,0.118265459237687,-0.207403708136466,-0.375782036294941,-0.437966011405379,0.244673506342976,-0.730971457481189,-0.274612784004078,-1.24031946632745,24,21,27.889,3.88,0.860554340420954,0.9038,7,6,"ok",21,0,0,525514.375223557,-4080899.8019575,3.04452243772342,"Victorian Alps"
"hex_0564374",0.313263163803394,0.378875887400791,0.547398512974556,-0.554853965559743,-0.701196952376113,-0.207403708136466,-1.14765975248928,-0.503848601762163,-1.69245056010061,-0.538253718549631,-0.0946100283682036,1.43915088689252,50,9,60,6.831,0.833333333333333,0.9327,15,10,"ok",9,6,0.666666666666667,515417.663096514,-3983897.15164386,2.19722457733622,"Inland Slopes"
"hex_0564894",0.395220692320327,0.275964268200261,0.411159791164296,-0.554853965559743,-0.568463524630335,-0.207403708136466,-1.02263391406273,-0.495499879714296,-0.421781492446387,-0.0128771490173711,-0.274612784004078,1.09794308270266,60,9,70.889,7.719,0.846393657690192,0.9527,14,8,"ok",9,2,0.222222222222222,516406.061446199,-3981601.9768812,2.19722457733622,"Inland Slopes"
"hex_0565413",0.519787200158805,0.175463805074229,0.252374759264702,-0.554853965559743,-0.208382209047798,-0.207403708136466,-0.683461867148774,-0.485509665828861,-0.00537005155010906,-0.712742774892069,-0.274612784004078,1.63043094848007,78,10,107.16,19.702,0.727883538633819,0.9555,18,5,"ok",10,6,0.6,517899.612007423,-3983605.5297742,2.30258509299405,"Inland Slopes"
"hex_0566449",0.244667166374403,0.471137315238053,0.6581927430473,-0.554853965559743,1.76845484969017,-0.207403708136466,1.17858385033818,-0.285129687059915,0.597166828566551,-0.730971457481189,-0.274612784004078,-0.171214210362916,37,6,45.571,6.6,0.81191986131531,0.9123,12,7,"ok",6,0,0,521895.075263643,-3996212.82500712,1.79175946922805,"Highlands-Northern Fall"
"hex_0566460",0.329497216646145,0.349778632455072,0.514928703733367,-0.554853965559743,-0.77789552195249,-0.207403708136466,-1.21990457529134,-0.484587541327777,0.0961040769223051,-0.627617653445661,-0.103583082129458,1.37357913530932,52,6,57.444,3.986,0.905229440846738,0.9376,14,15,"ok",6,1,0.166666666666667,516340.043313233,-3948939.51352448,1.79175946922805,"Lower Slopes"
"hex_0567494",0.26695984360802,0.435892372233064,0.62017642174101,-0.554853965559743,0.301493664533604,-0.207403708136466,-0.203193560433459,-0.450180364061486,0.360328237747889,1.41564722900474,-0.193248896539193,-0.0786168414411663,43,6,47.63,3.948,0.902792357757716,0.9387,10,9,"ok",6,2,0.333333333333333,521349.837214183,-3970128.58782208,1.79175946922805,"Inland Slopes"
"hex_0567498",0.367925573018368,0.315603939069027,0.461726865465136,-0.554853965559743,-0.835018519228051,-0.207403708136466,-1.27371054375841,-0.503848601762163,-1.26786854242421,0.0400804095851512,-0.274612784004078,1.07730373615027,57,8,64.562,6.044,0.882872277810477,0.9647,11,7,"ok",8,6,0.75,519329.647646808,-3952943.28799107,2.07944154167984,"Inland Slopes"
"hex_0568013",0.249300069703092,0.460965327376844,0.649004342985,-0.554853965559743,1.54668683694221,-0.207403708136466,0.969693503717219,-0.0159313243067893,0.605322906364078,1.76795705936032,-0.274612784004078,-0.564165803660571,39,7,49.714,7.354,0.784487267168202,0.8724,15,9,"ok",7,6,0.857142857142857,522843.600482054,-3972131.72086488,1.94591014905531,"Inland Slopes"
"hex_0568014",0.387727944968865,0.278647595388003,0.418153996526909,-0.554853965559743,-0.368355560046012,-0.207403708136466,-0.834145855908287,-0.49044574404054,-0.422364076886463,0.538644036937169,0.282150145919187,0.435778602708223,59,10,65.338,4.695,0.902996724723744,0.9541,13,12,"ok",10,2,0.2,522338.945834863,-3967834.40307508,2.30258509299405,"Inland Slopes"
"hex_0568527",0.266487186049249,0.427395932787018,0.615948019464455,-0.554853965559743,1.6918920208569,-0.207403708136466,1.10646688606056,-0.340844604394254,0.510323123870315,-0.730971457481189,-0.27260380862266,-0.420835735576195,42,14,55.371,10.427,0.758519802784851,0.9377,12,5,"ok",14,0,0,526857.481196223,-3995630.45174838,2.63905732961526,"Highlands-Northern Fall"
"hex_0568533",0.348947569879098,0.345749131173882,0.497697960347035,-0.554853965559743,0.284825290518241,-0.207403708136466,-0.218894032212652,-0.441982430689506,0.454622072818249,0.309001467235601,-0.264371733219318,0.787984748885412,55,10,67.6,8.98,0.813609467455621,0.9523,14,7,"ok",10,7,0.7,523832.751867895,-3969837.45290256,2.30258509299405,"Inland Slopes"
"hex_0569053",0.449155649448288,0.219837541216646,0.328609534871562,-0.554853965559743,-0.723778941204491,-0.207403708136466,-1.16893044619889,-0.500962612720118,-1.1489909013204,-0.50928340286277,-0.274612784004078,1.45204989360782,66,10,75.506,6.972,0.874102720313617,0.9629,13,8,"ok",10,0,0,524822.020040564,-3967543.34825161,2.30258509299405,"Inland Slopes"
"hex_0571644",0.593811789952558,0.270324195080517,0.312825990078599,-0.554853965559743,2.25602574722559,-0.207403708136466,1.63784239049661,1.37636818709306,0.629514753193471,-0.730971457481189,-0.274612784004078,-0.412911709235471,9,9,11,3.055,0.818181818181818,0.8776,3,2,"ok",9,0,0,534301.421207814,-3994758.16070371,2.19722457733622,"Inland Slopes"
"hex_0573202",0.628099461150932,0.250464910769902,0.285084302044143,-0.554853965559743,2.3239266963184,-0.207403708136466,1.70180045467429,3.30859871518582,0.635021713559963,-0.730971457481189,-0.274612784004078,-1.24031946632745,8,10,8.225,0.673,0.972644376899696,0.9796,1,2,"ok",10,0,0,538274.744437853,-3996472.84713947,2.30258509299405,"Highlands-Northern Fall"
"hex_0575806",0.333474659484696,0.45694066893713,0.578101983231367,-0.554853965559743,2.12859894191582,-0.207403708136466,1.51781502856948,3.12308896261495,0.630228542610213,-0.722819020237116,-0.274612784004078,-1.22206281329382,20,14,28.357,9.478,0.705293225658568,0.9278,6,2,"ok",14,0,0,541214.360779406,-3967804.14434049,2.63905732961526,"Inland Slopes"
"hex_0576320",0.252775933916445,0.413057757254602,0.62036175509252,-0.554853965559743,1.8883477710334,-0.207403708136466,1.29151480727131,0.594949036351801,0.610175103066685,-0.730971457481189,1.63175160030857,-0.908925284098225,37,19,40.411,3.673,0.91559228922818,0.976,6,5,"ok",19,0,0,545217.285309288,-3991302.42590613,2.94443897916644,"Highlands-Northern Fall"
"hex_0577328",0.26147849123592,0.442136594000383,0.628378503073019,-0.554853965559743,0.598891153852933,-0.207403708136466,0.0769345962756017,-0.468500730703844,0.366114281550405,-0.730971457481189,-0.274612784004078,1.27249381363336,41,9,55.815,8.775,0.73456956015408,0.765,20,12,"ok",9,0,0,563166.299615056,-4124579.20134187,2.19722457733622,"South East Coastal Ranges"
"hex_0578922",0.710451312205639,0.175902096438069,0.198455937239789,-0.554853965559743,1.8257760336926,-0.207403708136466,1.23257649718847,0.14516925029416,0.609159269442348,-0.617146724648696,1.83481935763666,-1.24031946632745,6,9,6,0.431,1,1,0,1,"ok",9,0,0,549165.974698373,-3971232.85900123,2.19722457733622,"Inland Slopes"
"hex_0579447",0.338457715152864,0.375432824433919,0.525896903818376,-0.554853965559743,-0.897132064468793,-0.207403708136466,-1.3322172681251,-0.500209415228477,-0.812535820036628,-0.349021767963223,-0.212537943004419,1.40245259093885,54,9,58.923,3.856,0.91645028257217,0.9578,12,13,"ok",9,2,0.222222222222222,547647.241766946,-3947457.18610713,2.19722457733622,"Inland Slopes"
"hex_0579449",0.569886802608279,0.264785227217621,0.317232658764007,-0.554853965559743,-0.622187986008837,-0.207403708136466,-1.07323869344602,-0.483405623236607,-0.281058813216136,-0.425466832918779,-0.274612784004078,1.49189465349061,10,7,10.245,0.611,0.976085895558809,0.958,2,7,"ok",7,0,0,546642.439514132,-3938867.77128083,1.94591014905531,"Inland Slopes"
"hex_0579961",0.669772787537037,0.20706430575326,0.236149117478892,-0.554853965559743,1.2414177023728,-0.207403708136466,0.682150793915529,0.0127738689857303,0.57740130166886,-0.435486729875447,3.94074457553337,-1.24031946632745,7,11,8.818,3.426,0.793830800635065,0.9242,2,1,"ok",11,0,0,551649.100858333,-3970943.55313032,2.39789527279837,"Inland Slopes"
"hex_0580479",0.699082883404159,0.205602629344607,0.22726420004219,-0.554853965559743,1.88268106106054,-0.207403708136466,1.28617715286497,1.15668558536442,0.621362693559511,-0.134577664875444,-0.274612784004078,-0.634478496970907,6,7,7.714,3.245,0.77780658542909,0.8929,2,1,"ok",7,0,0,553642.31585543,-3977246.41403392,1.94591014905531,"Inland Slopes"
"hex_0580486",0.269719948107584,0.454567348198761,0.627606407729257,-0.554853965559743,-0.661511198028927,-0.207403708136466,-1.11027847789167,-0.495933600604794,-0.369610886474988,-0.02495535252934,-0.274612784004078,1.15699081049614,44,9,54.756,8.715,0.803564906129009,0.9483,11,5,"ok",9,1,0.111111111111111,550131.885374196,-3947167.89747035,2.19722457733622,"Inland Slopes"
"hex_0580999",0.65907349506489,0.238802485168497,0.265963774981957,-0.554853965559743,2.21998169875739,-0.207403708136466,1.60389135452506,3.21486747178156,0.632521184147422,0.891816467269571,-0.274612784004078,-1.21002119108016,7,10,8.8,3.394,0.795454545454545,0.9357,2,1,"ok",10,0,0,554633.262307313,-3974952.59378775,2.30258509299405,"Inland Slopes"
"hex_0581000",0.428901779908238,0.387233851933038,0.474472424466266,-0.554853965559743,1.76352684486781,-0.207403708136466,1.17394200581454,0.131109563783531,0.607861469671693,-0.261328997827322,1.38626809593612,-1.23325302360772,15,16,17.93,3.456,0.836586726157278,0.8949,5,4,"ok",16,0,0,554132.273810862,-3970654.41234613,2.77258872223978,"Inland Slopes"
"hex_0581001",0.463253599829889,0.331548633167845,0.417146076599901,-0.554853965559743,2.35068845500362,-0.207403708136466,1.72700820658887,3.33984246298721,0.635651444057213,-0.0626704797239024,-0.274612784004078,-1.21332393328663,14,11,15.455,1.998,0.905855710126173,0.9238,4,5,"ok",11,0,0,553631.137715121,-3966356.73286485,2.39789527279837,"Inland Slopes"
"hex_0581519",0.553609063376344,0.317070857945907,0.364164660492446,-0.554853965559743,2.32113672173634,-0.207403708136466,1.69917248885411,3.3320315260368,0.634964786513675,1.48652134032506,-0.274612784004078,-1.24031946632745,10,11,12.045,3.117,0.8302200083022,0.9425,3,2,"ok",11,0,0,555624.321824893,-3972658.93480657,2.39789527279837,"Inland Slopes"
"hex_0582558",0.593020368202822,0.271312952779492,0.313898522934584,-0.554853965559743,2.18314338720987,-0.207403708136466,1.56919217689011,1.3324316667473,0.624656990727823,1.26179626260846,0.169762789027484,-1.2204190991324,9,11,10.818,3.426,0.831946755407654,0.9534,2,1,"ok",11,0,0,558107.428014051,-3972370.04800185,2.39789527279837,"Inland Slopes"
"hex_0583071",0.695719437282802,0.2184071482906,0.238924402525281,-0.554853965559743,2.29371146610444,-0.207403708136466,1.67333976805669,1.38125002268697,0.631540163700566,-0.730971457481189,-0.0399175909460392,-1.09628943127846,6,6,6.556,1.129,0.915192190359976,0.8864,2,3,"ok",6,0,0,562598.608626556,-4000174.77584693,1.79175946922805,"Highlands-Northern Fall"
"hex_0583095",0.295594109358957,0.4149574016456,0.583993412467655,-0.554853965559743,-1.05552090452776,-0.207403708136466,-1.4814087556207,-0.507410122729581,-2.41847890784925,0.367301916510522,-0.274612784004078,0.818943546363405,48,6,52.63,3.948,0.912027360820825,0.951,10,9,"ok",6,5,0.833333333333333,550569.087467502,-3897081.69407509,1.79175946922805,"Inland Slopes"
"hex_0583590",0.666361077291702,0.215038288597615,0.24397372737005,-0.554853965559743,2.29276161595732,-0.207403708136466,1.67244507398422,0.438567569491668,0.626990418120077,-0.730971457481189,-0.274612784004078,-0.998814099370451,7,9,7.889,1.692,0.887311446317657,0.9059,2,2,"ok",9,0,0,564088.908870553,-4002181.31858954,2.19722457733622,"Highlands-Northern Fall"
"hex_0584635",0.251063415540336,0.441719892304763,0.637601811854752,-0.554853965559743,-0.0224192555646532,-0.207403708136466,-0.508297444965401,-0.480814014355143,-0.229004146279556,-0.161741680450671,-0.24140190973,0.834521838796522,38,8,48.182,6.747,0.788676269146154,0.8328,16,11,"ok",8,0,0,563573.732126137,-3976091.25053782,2.07944154167984,"Inland Slopes"
"hex_0585121",0.281790763133586,0.421243706751674,0.599179307410665,-0.550329657578949,2.34779902764417,-0.207403708136466,1.72761448069803,3.37108621078855,0.635674000877363,-0.730971457481189,-0.274612784004078,-1.24031946632745,45,7,62.44,9.681,0.720691864189622,0.7696,23,13,"ok",7,0,0,581463.302882345,-4120256.35823614,1.94591014905531,"Snowy Mountains"
"hex_0585149",0.733866820545739,0.1970138696632,0.211642449709618,-0.554853965559743,2.20094878235832,-0.207403708136466,1.58596364504819,3.20119833211845,0.632055022959026,-0.730971457481189,-0.123863638389803,-0.923984310608923,5,9,5.889,1.692,0.849040584139922,0.8545,2,2,"ok",9,0,0,567561.376734804,-3999597.84940262,2.19722457733622,"Highlands-Northern Fall"
"hex_0585671",0.327135241206042,0.426651558298228,0.566010917913151,-0.554853965559743,1.80746960438275,-0.207403708136466,1.21533308901367,-0.262801995035639,0.568090921562954,-0.730971457481189,-0.274612784004078,-0.0225285255395108,21,12,28.639,6.38,0.733265826320751,0.7996,10,6,"ok",12,0,0,567554.787629739,-3988701.40945496,2.484906649788,"Inland Slopes"
"hex_0585673",0.268706780206142,0.396187409311746,0.595865350544001,-0.554853965559743,-0.550186123602901,-0.207403708136466,-1.00541784855066,-0.505034649830052,-1.22092384596636,-0.585361751297755,-0.274612784004078,1.49141669814273,41,10,43.005,2.16,0.95337751424253,0.9621,7,11,"ok",10,0,0,566556.224296253,-3980101.87561988,2.30258509299405,"Inland Slopes"
"hex_0587224",0.248776221565643,0.47334781708875,0.65549378188654,-0.554853965559743,0.555529697923301,-0.207403708136466,0.0360910614172873,-0.441852703589807,0.296986593398188,-0.601354112671354,-0.274612784004078,0.981047625925307,30,10,39.257,7.076,0.764194920651094,0.834,12,7,"ok",10,0,0,574018.508718078,-4011928.74954127,2.30258509299405,"Inland Slopes"
"hex_0587766",0.550575341963701,0.161780905791549,0.227106740905757,-0.554853965559743,0.119048021752238,-0.207403708136466,-0.375044915765738,-0.453640948736446,0.362869550841474,1.18729283605249,-0.274612784004078,0.20801937191436,83,12,92.026,5.971,0.901919022884837,0.9571,16,13,"ok",12,0,0,564021.136140356,-3915092.06693049,2.484906649788,"Inland Slopes"
"hex_0588270",0.442491419669883,0.222801397256786,0.334892233296642,-0.554853965559743,0.558621544163088,-0.207403708136466,0.0390033697557391,-0.451846697277561,0.413065644228421,-0.566593559176942,-0.274612784004078,0.847994074522215,65,9,75.667,8.219,0.859027052744261,0.9594,12,6,"ok",9,0,0,573012.54115097,-3981531.40745183,2.19722457733622,"Inland Slopes"
"hex_0588806",0.424069942267704,0.283413592245421,0.400593905610057,-0.554853965559743,-1.0465645081097,-0.207403708136466,-1.47297244089225,-0.510697487827132,-3.69900672696853,0.846230623114218,-0.274612784004078,0.478090484437928,65,7,81.457,8.925,0.797967025547221,0.8676,24,15,"ok",7,2,0.285714285714286,566006.996513547,-3910512.21608384,1.94591014905531,"Inland Slopes"
"hex_0589327",0.325994597276674,0.485226951623116,0.598143567908421,-0.554853965559743,-0.941623311676369,-0.207403708136466,-1.37412498933173,-0.502650333025461,-1.10628810575805,0.331974819061415,-0.274612784004078,0.701676705710487,20,15,24.978,4.636,0.800704620065658,0.8583,8,6,"ok",15,0,0,566499.007389763,-3903931.46142875,2.70805020110221,"Inland Slopes"
"hex_0590891",0.262112225830401,0.442334412956351,0.627917557699148,-0.554853965559743,-0.991611739158304,-0.207403708136466,-1.4212106795282,-0.505481797669963,-2.02762022608663,-0.073474897374839,-0.274612784004078,1.15046892438639,41,9,49.346,6.125,0.830867750172253,0.912,13,9,"ok",9,0,0,567473.928101297,-3879906.91159199,2.19722457733622,"Inland Slopes"
"hex_0591386",0.369447018344233,0.302805101053518,0.450433836229169,-0.554853965559743,0.285990463849887,-0.207403708136466,-0.217796518382298,-0.481739803897962,0.061494411651042,-0.110038988794895,-0.274612784004078,0.9969298569707,56,11,74.409,11.665,0.752597132067357,0.9102,18,8,"ok",11,0,0,580958.652150775,-3984968.44292575,2.39789527279837,"Inland Slopes"
"hex_0591389",0.595264919511762,0.265165113131363,0.308177426486162,-0.554853965559743,0.857059380963073,-0.207403708136466,0.320111462854848,-0.366056573106222,0.479152601171261,-0.0679332303979508,-0.274612784004078,-0.157505565328224,9,8,10.969,3.012,0.820494119792141,0.895,3,2,"ok",8,0,0,579464.903629442,-3972070.3944749,2.07944154167984,"Inland Slopes"
"hex_0591905",0.249133105013673,0.429875240771563,0.633092720347106,-0.554853965559743,0.0115838676674518,-0.207403708136466,-0.476268821404518,-0.481908790514677,0.0825161569833425,-0.57225561881619,-0.274612784004078,1.35312050242443,33,7,35.743,2.694,0.92325770080855,0.932,8,10,"ok",7,0,0,582448.696002459,-3986974.91963689,1.94591014905531,"Inland Slopes"
"hex_0593980",0.274295519640565,0.442860613097137,0.617523287999424,-0.554853965559743,-0.344719261714091,-0.207403708136466,-0.81188207453508,-0.49981886838096,-0.539425130900342,-0.448378297184955,-0.274612784004078,1.10704562967326,26,8,31.062,4.485,0.837035606206941,0.873,9,7,"ok",8,0,0,588903.649514554,-3999304.34322752,2.07944154167984,"Inland Slopes"
"hex_0593981",0.250368642047684,0.457285904672643,0.64619934513523,-0.554853965559743,-0.632551603242264,-0.207403708136466,-1.08300051423032,-0.502650333025461,-0.79559153353288,-0.699100150124904,-0.23786775215262,1.60403407711563,30,10,40.864,8.003,0.734142521534847,0.8387,13,7,"ok",10,0,0,588407.186923921,-3995002.62786649,2.30258509299405,"Inland Slopes"
"hex_0598139",0.251022193438881,0.480157390936049,0.656688727635258,-0.554853965559743,-0.779484872644816,-0.207403708136466,-1.22140163527267,-0.503455176190953,-1.61571776803451,-0.627310722026958,-0.274612784004078,1.69689229045608,29,6,39.083,8.209,0.742010592840877,0.867,11,5,"ok",6,0,0,597344.492448597,-3985254.41767843,1.79175946922805,"Inland Slopes"
"hex_0599688",0.300458433105363,0.445022897365673,0.596960486031868,2.25120556163903,-0.388812558626616,-0.207403708136466,1.21062116133204,0.139701594428915,0.615494952571764,-0.730971457481189,-0.274612784004078,-1.1827505145245,23,12,26.667,3.474,0.862489218884764,0.8746,8,8,"ok",12,0,0,605766.555897149,-4025703.95710795,2.484906649788,"Bondo"
"hex_0600760",0.250739218062993,0.483853989168085,0.658669293978213,-0.554853965559743,-0.9096525595029,-0.207403708136466,-1.34401072072962,-0.505649174890328,-2.06820170385028,-0.380452450737389,-0.274612784004078,1.45903632485418,29,9,31.178,2.316,0.930143049586247,0.9527,7,10,"ok",9,0,0,591869.798870713,-3883612.40819648,2.19722457733622,"Inland Slopes"
"hex_0601259",0.700315627817785,0.203334228475933,0.22501439806553,-0.096570828798645,0.517946362138888,-0.207403708136466,0.337786657307705,-0.397690867755137,0.490314299028253,-0.24452192294191,1.92348329600651,-0.474539778401585,6,7,6.857,1.641,0.875018229546449,0.875,2,2,"ok",7,0,0,603307.469705212,-3971496.98997437,1.94591014905531,"Inland Slopes"
"hex_0603840",0.262719234428412,0.466740519544722,0.639844099695063,-0.264870971398663,1.51440645835082,-0.207403708136466,1.15258861290293,-0.158589408886103,0.604447397057524,-0.730971457481189,-0.274612784004078,-1.24031946632745,27,24,31.852,4.273,0.847670475951275,0.8901,9,8,"ok",24,0,0,617656.109485241,-4041789.14036746,3.17805383034795,"Snowy Mountains"
"hex_0604349",0.463360975997935,0.402461544166459,0.464831457710344,-0.554853965559743,2.37745101445317,-0.207403708136466,1.75221671276886,3.3730389450262,0.636274050267857,-0.730971457481189,-0.274612784004078,-1.24031946632745,13,12,17.125,4.441,0.759124087591241,0.8155,6,4,"ok",12,0,0,624045.885834777,-4086910.07363639,2.484906649788,"South East Coastal Ranges"
"hex_0604360",0.667863404449593,0.214886662595749,0.24342865621636,0.222209839106277,1.07212012974034,-0.207403708136466,1.09426411394472,-0.166183375365609,0.595710433656752,-0.730971457481189,-0.274612784004078,-1.24031946632745,7,6,8.25,1.963,0.848484848484849,0.8214,3,3,"ok",6,0,0,618649.945351781,-4039492.80577174,1.79175946922805,"Monaro"
"hex_0604891",0.401597599325319,0.424479878602319,0.513849959530675,1.6938742144614,-0.633304977850903,-0.207403708136466,0.570373148886709,-0.239085453568873,0.467933653390749,-0.730971457481189,-0.274612784004078,-1.24031946632745,16,7,19.086,3.367,0.838310803730483,0.8533,6,5,"ok",7,0,0,614224.601304239,-3989848.83955637,1.94591014905531,"Snowy Mountains"
"hex_0610598",0.280467209237426,0.449061971728553,0.615550389819835,2.27521011729373,-0.701265839255799,-0.207403708136466,0.933968360591332,-0.223897520609857,0.591844906708319,-0.730971457481189,-0.274612784004078,-1.24031946632745,25,8,29.375,3.734,0.851063829787234,0.8444,10,10,"ok",8,0,0,631566.449400685,-4020559.76501321,2.07944154167984,"Snowy Mountains"
"hex_0610617",0.375526134389319,0.402759917252765,0.517495998293935,3.19142452109206,-0.537185388094262,-0.207403708136466,1.76245520610316,3.40232995858995,0.636526815875342,-0.730971457481189,-0.274612784004078,-1.24031946632745,18,8,23.359,5.381,0.770580932402928,0.8328,7,4,"ok",8,0,0,622207.858685624,-3938848.46482239,2.07944154167984,"Bondo"
"hex_0612687",0.348820164494758,0.443059192431944,0.559503399800021,0.154074094310764,0.821769377696674,-0.207403708136466,0.808332581046655,-0.206322912471573,0.591171216318265,-0.730971457481189,-0.274612784004078,-1.24031946632745,19,14,24.688,5.68,0.769604666234608,0.8871,7,4,"ok",14,0,0,631124.905858889,-3972662.34620188,2.63905732961526,"Snowy Mountains"
"hex_0612688",0.614061665261541,0.284980368433285,0.316982251944429,1.75827404399779,0.147522419965087,-0.207403708136466,1.35322950679557,2.9063354622428,0.625512245912225,-0.730971457481189,-0.274612784004078,-1.24031946632745,8,11,9.818,3.426,0.814829904257486,0.9174,2,1,"ok",11,0,0,630632.490773188,-3968362.75501116,2.39789527279837,"Snowy Mountains"
"hex_0613208",0.654496351713044,0.248994407842684,0.275591537831689,1.39916777426839,0.358274374435587,-0.207403708136466,1.28759786610666,1.15668558536446,0.613751461132347,-0.730971457481189,-0.274612784004078,-1.24031946632745,7,10,7.15,0.497,0.979020979020979,0.9647,1,3,"ok",10,0,0,631628.490973564,-3966071.14464498,2.30258509299405,"Bondo"
"hex_0613714",0.239464088799778,0.494288695230453,0.673644728835657,3.07577064529349,-0.576144912138442,-0.207403708136466,1.64068717394604,3.25978035924607,0.633477951131769,-0.730517289693815,-0.274612784004078,-1.24031946632745,35,22,42.636,5.793,0.820902523688901,0.8682,12,9,"ok",22,0,0,639499.348601343,-4024014.40891129,3.09104245335832,"Monaro"
"hex_0613728",0.692161551969761,0.223591101563263,0.244161019572955,1.48710217828466,-0.157719972847291,-0.207403708136466,0.866247748320167,-0.10533865618491,0.579058192053002,-0.730971457481189,-0.274612784004078,-1.24031946632745,6,10,6,0.513,1,1,0,2,"ok",10,0,0,632624.591835157,-3963779.68593321,2.30258509299405,"Snowy Mountains"
"hex_0614769",0.289001859113899,0.454181722872732,0.61112991982229,2.82026187892765,-0.450439942504732,-0.207403708136466,1.57114965707003,3.16019091312917,0.631643353276163,-0.721886957878312,-0.274612784004078,-1.24031946632745,24,13,30.593,5.495,0.784493184715458,0.8244,10,7,"ok",13,0,0,634124.634897594,-3954899.08103996,2.56494935746154,"Bondo"
